FECHA;CELDA;PROV;4G_HUA_IntraFreq_Prep_HO_Succ_Rate;4G_HUA_IntraFreq_Prep_HO_Succ_Rate,4G_HUA_IntraFreq_Exec_HO_Succ_Rate
2017-08-27;PX01VJ1;PX;99.1;32.66
2017-08-27;VA10VM2;VA;95.89;67.86
2017-08-27;NA26CM1;NA;100.0;70.18
2017-08-27;VA10VM1;VA;96.12;73.39
2017-08-27;SX12CJ2;SX;96.95;74.56
2017-08-27;SX26CK1;SX;100.0;79.91
2017-08-27;SX26CK2;SX;99.97;80.13
2017-08-27;NA07AK2;NA;83.05;80.96
2017-08-27;LO13AM3;LO;100.0;85.0
2017-08-27;SX95CK1;SX;100.0;85.0
2017-08-27;LO03JJ1;LO;83.93;85.11
2017-08-27;SX24CK1;SX;99.97;87.28
2017-08-27;PX04RJ1;PX;98.11;87.3
2017-08-27;NA56CJ1;NA;100.0;87.78
2017-08-27;PX01VJ2;PX;98.44;87.88
2017-08-27;LO03EM3;LO;100.0;88.57
2017-08-27;LO05CM1;LO;100.0;90.0
2017-08-27;NA19CJ1;NA;99.76;91.3
2017-08-27;SX24CK2;SX;99.51;91.86
2017-08-27;SX12CJ1;SX;99.73;92.15
2017-08-27;SX71OK1;SX;100.0;92.63
2017-08-27;PX04RJ2;PX;94.23;92.65
2017-08-27;NA48AM1;NA;100.0;92.86
2017-08-27;NA41AM1;NA;100.0;93.0
2017-08-27;LO03EM1;LO;100.0;93.07
2017-08-27;BU02AJ2;BU;95.83;93.56
2017-08-27;NA24CM3;NA;99.86;93.56
2017-08-27;SX26CJ2;SX;99.27;93.65
2017-08-27;NA47BJ1;NA;99.74;93.71
2017-08-27;LO12AM2;LO;100.0;93.75
2017-08-27;LO01GM3;LO;100.0;94.03
2017-08-27;SX18EK3;SX;100.0;94.26
2017-08-27;SX03EK1;SX;100.0;94.47
2017-08-27;SX31LK1;SX;100.0;94.47
2017-08-27;SO20OJ2;SO;99.07;94.71
2017-08-27;SX10CM1;SX;100.0;94.79
2017-08-27;NA34CM2;NA;99.91;94.88
2017-08-27;SX79CK1;SX;100.0;95.12
2017-08-27;LO26AM2;LO;100.0;95.16
2017-08-27;NA04CJ1;NA;99.17;95.41
2017-08-27;SX79CK2;SX;99.99;95.41
2017-08-27;SX20AJ2;SX;99.9;95.59
2017-08-27;SO25SJ2;SO;95.82;95.64
2017-08-27;LO05CJ3;LO;100.0;95.83
2017-08-27;NA26CM3;NA;100.0;95.91
2017-08-27;LO01GM2;LO;100.0;95.92
2017-08-27;SX77LK2;SX;100.0;95.96
2017-08-27;NA56CJ3;NA;100.0;96.02
2017-08-27;AV93WJ1;AV;99.94;96.09
2017-08-27;LO05GM2;LO;100.0;96.15
2017-08-27;SO20OJ1;SO;99.77;96.25
2017-08-27;LE90VJ1;LE;98.95;96.45
2017-08-27;LO03EM2;LO;100.0;96.77
2017-08-27;NA22FK1;NA;90.59;96.79
2017-08-27;NA56CJ2;NA;99.88;96.82
2017-08-27;AV03WJ2;AV;99.59;96.85
2017-08-27;LO02GM1;LO;100.0;96.86
2017-08-27;LO03EJ3;LO;100.0;96.88
2017-08-27;LE83VJ1;LE;98.55;96.9
2017-08-27;NA34CM1;NA;100.0;97.03
2017-08-27;NA30CJ3;NA;95.81;97.13
2017-08-27;SX27OK2;SX;100.0;97.18
2017-08-27;NA65CJ3;NA;99.82;97.21
2017-08-27;NA48CJ1;NA;98.29;97.24
2017-08-27;SX77LK1;SX;100.0;97.29
2017-08-27;LO22AJ1;LO;100.0;97.32
2017-08-27;LO26AM3;LO;100.0;97.33
2017-08-27;NA44CM1;NA;99.12;97.35
2017-08-27;SX39EJ1;SX;99.92;97.49
2017-08-27;NA29CM1;NA;100.0;97.5
2017-08-27;NA31FK1;NA;96.45;97.5
2017-08-27;NA37AJ2;NA;99.96;97.5
2017-08-27;NA46FK3;NA;97.74;97.5
2017-08-27;NA41CM1;NA;100.0;97.52
2017-08-27;SX43CJ1;SX;99.72;97.55
2017-08-27;NA36CM2;NA;100.0;97.62
2017-08-27;SO25SJ1;SO;96.45;97.62
2017-08-27;NA13AJ1;NA;100.0;97.65
2017-08-27;NA44BJ2;NA;99.95;97.73
2017-08-27;NA43AM2;NA;100.0;97.95
2017-08-27;SO14SJ2;SO;99.32;97.95
2017-08-27;LO04EJ2;LO;100.0;98.05
2017-08-27;NA19CJ2;NA;99.97;98.07
2017-08-27;NA47AM1;NA;100.0;98.11
2017-08-27;NA17GJ1;NA;99.98;98.12
2017-08-27;NA18GJ2;NA;100.0;98.12
2017-08-27;LO08CJ1;LO;100.0;98.13
2017-08-27;NA34CM3;NA;100.0;98.14
2017-08-27;LO08EJ1;LO;100.0;98.15
2017-08-27;LE83VJ2;LE;100.0;98.19
2017-08-27;AV03WJ1;AV;99.92;98.21
2017-08-27;LO06EK3;LO;100.0;98.21
2017-08-27;NA54BJ2;NA;100.0;98.28
2017-08-27;SX70AJ2;SX;98.27;98.29
2017-08-27;NA21GK2;NA;100.0;98.32
2017-08-27;LO11AK3;LO;100.0;98.36
2017-08-27;NA52BJ3;NA;100.0;98.36
2017-08-27;NA40CM2;NA;99.46;98.37
2017-08-27;LO02GJ3;LO;100.0;98.43
2017-08-27;SX75LK2;SX;99.98;98.43
2017-08-27;SX77LJ1;SX;99.78;98.46
2017-08-27;NA58CK2;NA;100.0;98.49
2017-08-27;LO13BM1;LO;100.0;98.51
2017-08-27;NA23GJ1;NA;99.96;98.51
2017-08-27;BU43SJ2;BU;99.48;98.53
2017-08-27;SX03EJ1;SX;99.68;98.56
2017-08-27;LO18AJ1;LO;99.88;98.57
2017-08-27;AV11SJ2;AV;100.0;98.58
2017-08-27;LO12AM1;LO;100.0;98.59
2017-08-27;BU43SM1;BU;100.0;98.61
2017-08-27;NA50BJ2;NA;99.81;98.61
2017-08-27;NA27CJ2;NA;100.0;98.62
2017-08-27;NA44CM3;NA;99.61;98.64
2017-08-27;SX69OK1;SX;100.0;98.65
2017-08-27;NA30CJ1;NA;100.0;98.66
2017-08-27;NA17GJ3;NA;100.0;98.7
2017-08-27;NA01CJ2;NA;99.54;98.72
2017-08-27;SX14EK3;SX;100.0;98.74
2017-08-27;SX66CJ3;SX;99.95;98.75
2017-08-27;LO04EJ3;LO;100.0;98.77
2017-08-27;NA44BJ1;NA;100.0;98.78
2017-08-27;LO11AK1;LO;100.0;98.79
2017-08-27;NA46CJ1;NA;99.92;98.79
2017-08-27;NA46FK1;NA;92.08;98.8
2017-08-27;AV93WJ2;AV;99.94;98.81
2017-08-27;NA25CM2;NA;100.0;98.82
2017-08-27;NA71CK3;NA;100.0;98.83
2017-08-27;NA50CM1;NA;100.0;98.84
2017-08-27;LO15AJ2;LO;100.0;98.85
2017-08-27;SX08EK3;SX;100.0;98.85
2017-08-27;SO20SJ1;SO;99.25;98.86
2017-08-27;AV93WK3;AV;100.0;98.87
2017-08-27;NA29CJ1;NA;99.22;98.88
2017-08-27;NA18GJ3;NA;100.0;98.9
2017-08-27;LE05SM1;LE;99.94;98.91
2017-08-27;SX18EJ3;SX;99.83;98.91
2017-08-27;NA58CK3;NA;100.0;98.93
2017-08-27;LO06EK1;LO;100.0;98.94
2017-08-27;SX22EJ1;SX;99.96;98.94
2017-08-27;SX46LK2;SX;100.0;98.94
2017-08-27;SX90EK3;SX;100.0;98.95
2017-08-27;PX49VJ1;PX;99.73;98.97
2017-08-27;LO13AM1;LO;100.0;99.0
2017-08-27;NA42AJ2;NA;100.0;99.0
2017-08-27;SX72EJ3;SX;100.0;99.0
2017-08-27;SX90EK1;SX;100.0;99.0
2017-08-27;LO09EJ1;LO;100.0;99.01
2017-08-27;NA46FJ3;NA;100.0;99.01
2017-08-27;NA65CJ2;NA;100.0;99.01
2017-08-27;SX35EJ2;SX;99.58;99.01
2017-08-27;AV11SJ1;AV;93.31;99.02
2017-08-27;LO11FM1;LO;100.0;99.02
2017-08-27;AV93WJ3;AV;98.7;99.03
2017-08-27;NA26FJ2;NA;99.99;99.03
2017-08-27;SX18AJ1;SX;99.65;99.03
2017-08-27;SX90EJ3;SX;99.18;99.04
2017-08-27;NA46FJ2;NA;100.0;99.05
2017-08-27;NA11GJ2;NA;100.0;99.07
2017-08-27;SX66CK3;SX;99.94;99.07
2017-08-27;LO23RK1;LO;100.0;99.08
2017-08-27;NA26GJ1;NA;100.0;99.08
2017-08-27;NA43CM3;NA;100.0;99.1
2017-08-27;NA46FJ1;NA;100.0;99.1
2017-08-27;SX18EK2;SX;100.0;99.1
2017-08-27;SX32LK1;SX;100.0;99.11
2017-08-27;SX71OJ2;SX;99.86;99.11
2017-08-27;NA46FK2;NA;91.1;99.13
2017-08-27;SX04LJ2;SX;99.99;99.13
2017-08-27;LO13BM3;LO;100.0;99.15
2017-08-27;NA01CJ3;NA;99.38;99.16
2017-08-27;NA12FJ1;NA;100.0;99.16
2017-08-27;NA21GK3;NA;100.0;99.16
2017-08-27;SX24CK3;SX;99.98;99.16
2017-08-27;LO01HJ2;LO;100.0;99.17
2017-08-27;NA18FJ3;NA;100.0;99.17
2017-08-27;NA74CK3;NA;100.0;99.17
2017-08-27;NA60BM2;NA;100.0;99.18
2017-08-27;NA07AK1;NA;100.0;99.19
2017-08-27;NA65CJ1;NA;100.0;99.19
2017-08-27;SX26ZK1;SX;99.97;99.19
2017-08-27;NA43AM3;NA;100.0;99.2
2017-08-27;NA43FJ3;NA;100.0;99.2
2017-08-27;NA54BJ3;NA;100.0;99.2
2017-08-27;NA38EJ1;NA;100.0;99.21
2017-08-27;SX35EJ1;SX;99.6;99.21
2017-08-27;NA58BJ1;NA;100.0;99.22
2017-08-27;BU10WJ1;BU;99.49;99.23
2017-08-27;SX27EK1;SX;100.0;99.23
2017-08-27;NA37AJ1;NA;100.0;99.24
2017-08-27;NA45CM3;NA;100.0;99.24
2017-08-27;SX25CJ1;SX;99.44;99.24
2017-08-27;SX65ZJ3;SX;99.64;99.24
2017-08-27;LO04EJ1;LO;100.0;99.25
2017-08-27;NA23GJ3;NA;99.78;99.25
2017-08-27;NA37CJ1;NA;100.0;99.25
2017-08-27;SO54EJ1;SO;99.94;99.25
2017-08-27;NA70CJ1;NA;100.0;99.26
2017-08-27;SX23EJ1;SX;99.66;99.26
2017-08-27;SX27OJ2;SX;99.96;99.26
2017-08-27;LO06CJ2;LO;100.0;99.27
2017-08-27;LO09EJ3;LO;100.0;99.27
2017-08-27;NA24FJ3;NA;100.0;99.27
2017-08-27;NA52FJ3;NA;100.0;99.27
2017-08-27;SX71OK2;SX;100.0;99.27
2017-08-27;BU07AJ1;BU;97.74;99.28
2017-08-27;SX71OJ1;SX;99.94;99.28
2017-08-27;BU10WJ3;BU;99.76;99.29
2017-08-27;NA46BJ2;NA;100.0;99.29
2017-08-27;NA66CM1;NA;100.0;99.29
2017-08-27;SX23CJ3;SX;99.95;99.29
2017-08-27;NA46CM1;NA;100.0;99.3
2017-08-27;NA53FK1;NA;94.93;99.3
2017-08-27;NA55BJ2;NA;100.0;99.3
2017-08-27;SX23EJ2;SX;99.67;99.3
2017-08-27;NA27FK1;NA;89.68;99.31
2017-08-27;NA24FJ2;NA;100.0;99.32
2017-08-27;NA26GJ2;NA;99.94;99.32
2017-08-27;SX85LK1;SX;100.0;99.32
2017-08-27;AV93WK1;AV;100.0;99.33
2017-08-27;NA19DJ3;NA;98.69;99.34
2017-08-27;SX26ZK2;SX;100.0;99.34
2017-08-27;LO01GM1;LO;99.23;99.35
2017-08-27;LO19BJ1;LO;100.0;99.35
2017-08-27;NA38EJ2;NA;100.0;99.35
2017-08-27;NA58CK1;NA;100.0;99.35
2017-08-27;SX56LK3;SX;100.0;99.35
2017-08-27;NA18GK2;NA;99.9;99.36
2017-08-27;SO25SJ3;SO;99.37;99.36
2017-08-27;SX46LK3;SX;100.0;99.36
2017-08-27;NA48CJ3;NA;99.91;99.37
2017-08-27;LO05GJ3;LO;100.0;99.38
2017-08-27;NA18BJ2;NA;99.78;99.38
2017-08-27;NA23GJ2;NA;100.0;99.38
2017-08-27;NA36CJ1;NA;99.91;99.38
2017-08-27;NA48AJ4;NA;100.0;99.38
2017-08-27;NA51BM1;NA;100.0;99.38
2017-08-27;LO11DM1;LO;100.0;99.39
2017-08-27;NA39AJ1;NA;100.0;99.39
2017-08-27;NA71BJ2;NA;100.0;99.39
2017-08-27;SX12CJ3;SX;99.1;99.39
2017-08-27;SX55CJ1;SX;99.59;99.39
2017-08-27;LO12AM3;LO;100.0;99.4
2017-08-27;NA04FJ2;NA;100.0;99.4
2017-08-27;NA24FJ1;NA;100.0;99.4
2017-08-27;SX35EJ3;SX;98.81;99.4
2017-08-27;SX41OJ2;SX;100.0;99.4
2017-08-27;LO02GM2;LO;100.0;99.41
2017-08-27;LO02HJ2;LO;100.0;99.41
2017-08-27;LO06EJ3;LO;100.0;99.41
2017-08-27;NA18GK3;NA;98.15;99.41
2017-08-27;NA31CM2;NA;100.0;99.41
2017-08-27;NA43CM1;NA;100.0;99.41
2017-08-27;NA61CM3;NA;100.0;99.41
2017-08-27;SX66CK2;SX;100.0;99.41
2017-08-27;BU10WK2;BU;100.0;99.42
2017-08-27;LO15BJ2;LO;100.0;99.42
2017-08-27;LO30AJ2;LO;100.0;99.42
2017-08-27;NA04GJ2;NA;100.0;99.42
2017-08-27;NA49BJ2;NA;100.0;99.42
2017-08-27;BU07AJ2;BU;99.43;99.43
2017-08-27;LO03GJ2;LO;100.0;99.43
2017-08-27;NA58BJ2;NA;100.0;99.43
2017-08-27;SX09ZK2;SX;99.99;99.43
2017-08-27;SX38AK1;SX;99.88;99.43
2017-08-27;SX48ZJ2;SX;100.0;99.43
2017-08-27;LO19RJ3;LO;100.0;99.44
2017-08-27;NA18BJ1;NA;99.95;99.44
2017-08-27;NA70CJ2;NA;99.71;99.44
2017-08-27;SX14EJ3;SX;99.8;99.44
2017-08-27;SX18EJ2;SX;99.79;99.44
2017-08-27;SX20EK1;SX;99.98;99.44
2017-08-27;SX40CJ1;SX;99.25;99.44
2017-08-27;NA32CJ3;NA;99.92;99.45
2017-08-27;SX26ZK3;SX;99.98;99.45
2017-08-27;BU10WJ2;BU;99.73;99.46
2017-08-27;LO11AK2;LO;100.0;99.46
2017-08-27;NA04FJ1;NA;100.0;99.46
2017-08-27;NA63BK1;NA;100.0;99.46
2017-08-27;SX08EJ2;SX;99.66;99.46
2017-08-27;LE31RJ2;LE;99.81;99.47
2017-08-27;LO01BJ2;LO;100.0;99.47
2017-08-27;LO08IJ2;LO;100.0;99.47
2017-08-27;SX46LJ3;SX;99.08;99.47
2017-08-27;LO02GM3;LO;100.0;99.48
2017-08-27;NA05BK2;NA;100.0;99.48
2017-08-27;NA28CM1;NA;100.0;99.48
2017-08-27;NA36GJ1;NA;100.0;99.48
2017-08-27;NA38GK1;NA;94.82;99.48
2017-08-27;NA41AJ1;NA;100.0;99.48
2017-08-27;SX03EJ2;SX;99.77;99.48
2017-08-27;SX27OJ1;SX;99.94;99.48
2017-08-27;SX95CK2;SX;100.0;99.48
2017-08-27;LO02HK1;LO;100.0;99.49
2017-08-27;LO09CM2;LO;93.02;99.49
2017-08-27;NA51CM1;NA;100.0;99.49
2017-08-27;SX26CJ1;SX;99.67;99.49
2017-08-27;SX39EJ2;SX;99.81;99.49
2017-08-27;SX69OK2;SX;100.0;99.49
2017-08-27;LO08CM1;LO;100.0;99.5
2017-08-27;NA10CK2;NA;100.0;99.5
2017-08-27;NA37EJ2;NA;100.0;99.5
2017-08-27;NA58AJ2;NA;100.0;99.5
2017-08-27;SX11ZJ3;SX;100.0;99.5
2017-08-27;SX43CJ3;SX;99.89;99.5
2017-08-27;LO18BJ2;LO;99.96;99.51
2017-08-27;NA35GK2;NA;100.0;99.51
2017-08-27;NA50CJ1;NA;100.0;99.51
2017-08-27;NA51CM3;NA;100.0;99.51
2017-08-27;NA55BJ1;NA;100.0;99.51
2017-08-27;SX08EK2;SX;99.85;99.51
2017-08-27;SX41OJ1;SX;99.89;99.51
2017-08-27;SX55CK2;SX;100.0;99.51
2017-08-27;LO09CM1;LO;99.9;99.52
2017-08-27;NA05GJ2;NA;100.0;99.52
2017-08-27;NA46CJ3;NA;99.94;99.52
2017-08-27;NA48AJ1;NA;100.0;99.52
2017-08-27;NA48CJ2;NA;99.98;99.52
2017-08-27;NA51BM3;NA;100.0;99.52
2017-08-27;SO20SK3;SO;100.0;99.52
2017-08-27;LO29AJ2;LO;100.0;99.53
2017-08-27;NA26FJ1;NA;100.0;99.53
2017-08-27;NA39AJ3;NA;100.0;99.53
2017-08-27;NA53BM1;NA;100.0;99.53
2017-08-27;SX38AJ1;SX;99.64;99.53
2017-08-27;SX46LJ2;SX;99.51;99.53
2017-08-27;SX54ZJ3;SX;100.0;99.53
2017-08-27;SX78LJ3;SX;99.86;99.53
2017-08-27;LO11DJ1;LO;100.0;99.54
2017-08-27;NA20GK2;NA;100.0;99.54
2017-08-27;NA61CM2;NA;100.0;99.54
2017-08-27;SX17EJ1;SX;100.0;99.54
2017-08-27;SX27OK1;SX;100.0;99.54
2017-08-27;SX51EK1;SX;99.96;99.54
2017-08-27;SX54ZK2;SX;100.0;99.54
2017-08-27;SX90EJ1;SX;99.35;99.54
2017-08-27;LO01BJ1;LO;100.0;99.55
2017-08-27;NA05GK2;NA;96.88;99.55
2017-08-27;NA20GK1;NA;96.24;99.55
2017-08-27;NA35GJ2;NA;100.0;99.55
2017-08-27;NA48AJ3;NA;100.0;99.55
2017-08-27;NA53BM3;NA;100.0;99.55
2017-08-27;NA58BJ3;NA;100.0;99.55
2017-08-27;SX15EK2;SX;98.29;99.55
2017-08-27;SX42CJ1;SX;99.98;99.55
2017-08-27;SX77LJ2;SX;100.0;99.55
2017-08-27;LO03GK2;LO;100.0;99.56
2017-08-27;NA19FJ2;NA;100.0;99.56
2017-08-27;NA30CJ2;NA;99.56;99.56
2017-08-27;NA50CM3;NA;99.87;99.56
2017-08-27;NA51FJ1;NA;100.0;99.56
2017-08-27;NA62FK2;NA;94.75;99.56
2017-08-27;SX16LJ2;SX;100.0;99.56
2017-08-27;NA19DJ1;NA;100.0;99.57
2017-08-27;NA42CM3;NA;100.0;99.57
2017-08-27;SX27LK2;SX;100.0;99.57
2017-08-27;SX81EK1;SX;100.0;99.57
2017-08-27;LO06EJ2;LO;100.0;99.58
2017-08-27;AV10SM2;AV;99.39;99.59
2017-08-27;NA04AM1;NA;100.0;99.59
2017-08-27;NA55BK1;NA;100.0;99.59
2017-08-27;NA66CM2;NA;100.0;99.59
2017-08-27;SO47EJ1;SO;100.0;99.59
2017-08-27;SO49EJ1;SO;100.0;99.59
2017-08-27;SX11ZJ2;SX;100.0;99.59
2017-08-27;SX54ZJ1;SX;100.0;99.59
2017-08-27;SX61CJ1;SX;99.62;99.59
2017-08-27;LO03EJ2;LO;100.0;99.6
2017-08-27;LO06CJ3;LO;100.0;99.6
2017-08-27;LO12RK1;LO;98.04;99.6
2017-08-27;NA10CK1;NA;100.0;99.6
2017-08-27;NA25CM3;NA;100.0;99.6
2017-08-27;NA28CM2;NA;100.0;99.6
2017-08-27;NA32FJ1;NA;99.99;99.6
2017-08-27;NA52BJ1;NA;100.0;99.6
2017-08-27;SX79CK3;SX;100.0;99.6
2017-08-27;SX82CK1;SX;100.0;99.6
2017-08-27;AV93WK2;AV;99.98;99.61
2017-08-27;LO13FM1;LO;100.0;99.61
2017-08-27;NA44BJ3;NA;100.0;99.61
2017-08-27;NA45CM1;NA;100.0;99.61
2017-08-27;SX08EJ3;SX;99.58;99.61
2017-08-27;SX12EK2;SX;100.0;99.61
2017-08-27;LO08EJ2;LO;100.0;99.62
2017-08-27;LO09EJ2;LO;100.0;99.62
2017-08-27;LO31RK3;LO;95.78;99.62
2017-08-27;NA24CM2;NA;99.36;99.62
2017-08-27;NA49CM1;NA;100.0;99.62
2017-08-27;SX04LJ1;SX;99.95;99.62
2017-08-27;LO08CJ3;LO;99.96;99.63
2017-08-27;LO13AJ1;LO;100.0;99.63
2017-08-27;NA12FJ2;NA;100.0;99.63
2017-08-27;NA35EJ1;NA;100.0;99.63
2017-08-27;NA43FJ2;NA;99.93;99.63
2017-08-27;SX31ZJ1;SX;100.0;99.63
2017-08-27;BU43SJ3;BU;99.8;99.64
2017-08-27;LO11FM2;LO;100.0;99.64
2017-08-27;LO31AJ3;LO;100.0;99.64
2017-08-27;NA27CJ3;NA;100.0;99.64
2017-08-27;NA33FJ2;NA;100.0;99.64
2017-08-27;NA35GJ1;NA;100.0;99.64
2017-08-27;NA41CJ3;NA;100.0;99.64
2017-08-27;NA50CM2;NA;100.0;99.64
2017-08-27;SX13EJ3;SX;98.97;99.64
2017-08-27;SX18ZJ3;SX;100.0;99.64
2017-08-27;SX19EJ1;SX;100.0;99.64
2017-08-27;SX76CK1;SX;100.0;99.64
2017-08-27;SX78LJ1;SX;99.98;99.64
2017-08-27;LO06CK2;LO;100.0;99.65
2017-08-27;LO37RJ1;LO;99.98;99.65
2017-08-27;NA23CJ1;NA;100.0;99.65
2017-08-27;NA32CM2;NA;100.0;99.65
2017-08-27;NA45CJ3;NA;100.0;99.65
2017-08-27;NA55FJ2;NA;100.0;99.65
2017-08-27;NA71CK2;NA;99.96;99.65
2017-08-27;SX14LJ3;SX;99.88;99.65
2017-08-27;SX66CK1;SX;100.0;99.65
2017-08-27;BU02SJ1;BU;97.9;99.66
2017-08-27;LO01RJ3;LO;100.0;99.66
2017-08-27;NA33DJ2;NA;99.58;99.66
2017-08-27;NA51FJ3;NA;100.0;99.66
2017-08-27;NA55BK2;NA;100.0;99.66
2017-08-27;SX17CJ2;SX;99.84;99.66
2017-08-27;BU43SM2;BU;100.0;99.67
2017-08-27;LO08CJ2;LO;99.95;99.67
2017-08-27;LO20BJ3;LO;99.99;99.67
2017-08-27;NA09FJ2;NA;100.0;99.67
2017-08-27;NA43AM1;NA;100.0;99.67
2017-08-27;NA43BJ1;NA;100.0;99.67
2017-08-27;NA45CJ1;NA;100.0;99.67
2017-08-27;NA72CK2;NA;99.97;99.67
2017-08-27;PX19SM3;PX;100.0;99.67
2017-08-27;SO48EJ1;SO;100.0;99.67
2017-08-27;SX81EJ1;SX;99.22;99.67
2017-08-27;SX81EJ2;SX;99.57;99.67
2017-08-27;BU02SJ3;BU;99.79;99.68
2017-08-27;LO13AJ3;LO;99.98;99.68
2017-08-27;NA01CJ1;NA;99.94;99.68
2017-08-27;NA10CJ2;NA;100.0;99.68
2017-08-27;NA38CM2;NA;100.0;99.68
2017-08-27;NA38EM1;NA;100.0;99.68
2017-08-27;NA40EJ3;NA;100.0;99.68
2017-08-27;NA43BJ2;NA;100.0;99.68
2017-08-27;NA47FJ1;NA;100.0;99.68
2017-08-27;NA53CJ1;NA;100.0;99.68
2017-08-27;SX27OJ3;SX;99.98;99.68
2017-08-27;SX42CJ2;SX;100.0;99.68
2017-08-27;SX67ZJ2;SX;99.97;99.68
2017-08-27;LO06CK1;LO;100.0;99.69
2017-08-27;LO26RJ2;LO;100.0;99.69
2017-08-27;NA09GJ1;NA;99.9;99.69
2017-08-27;NA18FJ1;NA;100.0;99.69
2017-08-27;NA32CM1;NA;100.0;99.69
2017-08-27;SO51EJ1;SO;100.0;99.69
2017-08-27;SX51LM1;SX;100.0;99.69
2017-08-27;SX57ZJ2;SX;99.95;99.69
2017-08-27;SX76LK1;SX;100.0;99.69
2017-08-27;BU43SJ1;BU;99.61;99.7
2017-08-27;LO05EJ3;LO;100.0;99.7
2017-08-27;LO06RJ2;LO;100.0;99.7
2017-08-27;LO10DJ3;LO;100.0;99.7
2017-08-27;NA10GK3;NA;100.0;99.7
2017-08-27;NA22CJ1;NA;100.0;99.7
2017-08-27;NA27CM3;NA;100.0;99.7
2017-08-27;NA44CM2;NA;100.0;99.7
2017-08-27;SX70AJ1;SX;99.92;99.7
2017-08-27;SX79EK2;SX;100.0;99.7
2017-08-27;SX82CK2;SX;99.97;99.7
2017-08-27;LO08RK1;LO;99.11;99.71
2017-08-27;LO10FM1;LO;100.0;99.71
2017-08-27;LO15BJ3;LO;100.0;99.71
2017-08-27;LO24RK2;LO;100.0;99.71
2017-08-27;NA26CM2;NA;100.0;99.71
2017-08-27;NA35GK1;NA;100.0;99.71
2017-08-27;NA46CM3;NA;100.0;99.71
2017-08-27;NA47FJ3;NA;100.0;99.71
2017-08-27;NA50CJ3;NA;100.0;99.71
2017-08-27;NA60FK1;NA;94.99;99.71
2017-08-27;SX06ZJ1;SX;99.97;99.71
2017-08-27;SX07ZJ2;SX;99.99;99.71
2017-08-27;SX23CJ1;SX;100.0;99.71
2017-08-27;SX33ZK1;SX;100.0;99.71
2017-08-27;SX70AJ3;SX;99.94;99.71
2017-08-27;SX84LK1;SX;99.98;99.71
2017-08-27;LO04RK2;LO;99.94;99.72
2017-08-27;LO05RK1;LO;99.58;99.72
2017-08-27;LO22RJ2;LO;100.0;99.72
2017-08-27;LO32RK1;LO;98.78;99.72
2017-08-27;NA11FJ2;NA;100.0;99.72
2017-08-27;NA13AJ2;NA;100.0;99.72
2017-08-27;NA16CM1;NA;100.0;99.72
2017-08-27;NA30CK2;NA;100.0;99.72
2017-08-27;NA32FJ2;NA;100.0;99.72
2017-08-27;NA32FJ3;NA;100.0;99.72
2017-08-27;NA38GK2;NA;99.93;99.72
2017-08-27;NA42CM1;NA;100.0;99.72
2017-08-27;NA43FJ1;NA;100.0;99.72
2017-08-27;NA72CK3;NA;96.59;99.72
2017-08-27;SX61CK2;SX;100.0;99.72
2017-08-27;SX85LJ2;SX;99.98;99.72
2017-08-27;LO06EK2;LO;100.0;99.73
2017-08-27;LO12DJ3;LO;100.0;99.73
2017-08-27;LO13BJ1;LO;100.0;99.73
2017-08-27;LO15AJ1;LO;100.0;99.73
2017-08-27;LO23AJ3;LO;99.01;99.73
2017-08-27;NA09GJ3;NA;99.96;99.73
2017-08-27;NA10GJ1;NA;100.0;99.73
2017-08-27;NA39AJ2;NA;100.0;99.73
2017-08-27;NA41CJ2;NA;100.0;99.73
2017-08-27;NA46AM1;NA;100.0;99.73
2017-08-27;SO20SK1;SO;100.0;99.73
2017-08-27;SX07ZJ3;SX;100.0;99.73
2017-08-27;SX13ZJ1;SX;100.0;99.73
2017-08-27;SX14EK1;SX;98.13;99.73
2017-08-27;SX18ZJ2;SX;100.0;99.73
2017-08-27;SX31ZJ3;SX;100.0;99.73
2017-08-27;SX55CJ3;SX;99.94;99.73
2017-08-27;SX56CJ3;SX;99.65;99.73
2017-08-27;SX61ZJ3;SX;100.0;99.73
2017-08-27;SX67ZJ3;SX;100.0;99.73
2017-08-27;SX82CK3;SX;99.93;99.73
2017-08-27;LO01RL3;LO;100.0;99.74
2017-08-27;LO02HJ1;LO;100.0;99.74
2017-08-27;LO05EK2;LO;99.71;99.74
2017-08-27;LO10DJ2;LO;100.0;99.74
2017-08-27;LO11AJ2;LO;99.72;99.74
2017-08-27;LO11RJ2;LO;100.0;99.74
2017-08-27;LO14BK3;LO;100.0;99.74
2017-08-27;NA32CJ1;NA;99.96;99.74
2017-08-27;NA40AM2;NA;100.0;99.74
2017-08-27;NA79CK3;NA;99.93;99.74
2017-08-27;SX11ZJ1;SX;100.0;99.74
2017-08-27;SX30EJ1;SX;99.91;99.74
2017-08-27;SX42CK1;SX;100.0;99.74
2017-08-27;SX46LJ1;SX;99.77;99.74
2017-08-27;SX51ZJ2;SX;100.0;99.74
2017-08-27;SX55CJ2;SX;99.24;99.74
2017-08-27;SX56CJ2;SX;99.89;99.74
2017-08-27;SX61ZJ2;SX;100.0;99.74
2017-08-27;SX76CK3;SX;100.0;99.74
2017-08-27;BU10WK1;BU;99.67;99.75
2017-08-27;LO03GK1;LO;100.0;99.75
2017-08-27;LO12AJ3;LO;99.94;99.75
2017-08-27;LO13AJ2;LO;100.0;99.75
2017-08-27;LO22RJ4;LO;100.0;99.75
2017-08-27;LO26AM1;LO;100.0;99.75
2017-08-27;NA05BJ1;NA;100.0;99.75
2017-08-27;NA09GK1;NA;99.79;99.75
2017-08-27;NA19FK2;NA;94.91;99.75
2017-08-27;NA22CM2;NA;93.73;99.75
2017-08-27;NA23CM2;NA;100.0;99.75
2017-08-27;NA29GK3;NA;88.4;99.75
2017-08-27;NA49BJ3;NA;100.0;99.75
2017-08-27;NA52BJ2;NA;100.0;99.75
2017-08-27;SO55EJ1;SO;100.0;99.75
2017-08-27;SX08EJ1;SX;99.62;99.75
2017-08-27;SX38AJ2;SX;99.96;99.75
2017-08-27;SX48ZJ1;SX;99.84;99.75
2017-08-27;SX55CK1;SX;100.0;99.75
2017-08-27;SX66CJ2;SX;99.99;99.75
2017-08-27;SX79LJ2;SX;99.99;99.75
2017-08-27;SX85LJ1;SX;99.99;99.75
2017-08-27;SX90EK2;SX;100.0;99.75
2017-08-27;LO07CM1;LO;100.0;99.76
2017-08-27;LO14AJ1;LO;99.93;99.76
2017-08-27;NA04AM3;NA;100.0;99.76
2017-08-27;NA12FJ3;NA;100.0;99.76
2017-08-27;NA12GK1;NA;93.47;99.76
2017-08-27;NA37CJ2;NA;100.0;99.76
2017-08-27;NA55CJ2;NA;100.0;99.76
2017-08-27;NA58AJ1;NA;100.0;99.76
2017-08-27;SX05ZL1;SX;100.0;99.76
2017-08-27;SX18ZK3;SX;100.0;99.76
2017-08-27;SX69OK3;SX;99.97;99.76
2017-08-27;LO02GJ1;LO;100.0;99.77
2017-08-27;LO12DM1;LO;100.0;99.77
2017-08-27;LO13BJ3;LO;100.0;99.77
2017-08-27;LO16AK1;LO;97.49;99.77
2017-08-27;LO18BJ1;LO;100.0;99.77
2017-08-27;LO32RJ3;LO;99.96;99.77
2017-08-27;LO33AK2;LO;100.0;99.77
2017-08-27;NA28GJ2;NA;100.0;99.77
2017-08-27;NA35GJ3;NA;99.92;99.77
2017-08-27;NA40GK1;NA;99.73;99.77
2017-08-27;NA53CJ2;NA;99.77;99.77
2017-08-27;NA54BJ1;NA;99.99;99.77
2017-08-27;NA67CK2;NA;100.0;99.77
2017-08-27;NA79CK1;NA;100.0;99.77
2017-08-27;SX67ZJ1;SX;99.99;99.77
2017-08-27;SX75LK3;SX;99.97;99.77
2017-08-27;LO06CK3;LO;98.51;99.78
2017-08-27;LO11AJ3;LO;99.96;99.78
2017-08-27;LO16AJ2;LO;100.0;99.78
2017-08-27;LO24RJ1;LO;100.0;99.78
2017-08-27;LO26RJ1;LO;100.0;99.78
2017-08-27;NA04FJ3;NA;100.0;99.78
2017-08-27;NA09FL1;NA;100.0;99.78
2017-08-27;NA15FJ1;NA;100.0;99.78
2017-08-27;NA19FK3;NA;96.26;99.78
2017-08-27;NA27CJ1;NA;100.0;99.78
2017-08-27;NA36GK1;NA;100.0;99.78
2017-08-27;NA37FJ3;NA;100.0;99.78
2017-08-27;NA48AJ2;NA;100.0;99.78
2017-08-27;NA49CM3;NA;100.0;99.78
2017-08-27;NA51CM2;NA;100.0;99.78
2017-08-27;NA55CJ3;NA;100.0;99.78
2017-08-27;NA67CK3;NA;100.0;99.78
2017-08-27;SO46EJ1;SO;100.0;99.78
2017-08-27;SX13ZJ2;SX;100.0;99.78
2017-08-27;SX16EJ1;SX;100.0;99.78
2017-08-27;SX18ZJ1;SX;100.0;99.78
2017-08-27;SX43CJ2;SX;99.84;99.78
2017-08-27;SX56CK2;SX;100.0;99.78
2017-08-27;SX74LJ3;SX;100.0;99.78
2017-08-27;SX81EK2;SX;100.0;99.78
2017-08-27;LO01RK3;LO;99.74;99.79
2017-08-27;LO05EK3;LO;99.37;99.79
2017-08-27;LO11RJ3;LO;100.0;99.79
2017-08-27;LO12DJ2;LO;100.0;99.79
2017-08-27;LO16AJ1;LO;99.99;99.79
2017-08-27;LO16RK3;LO;99.21;99.79
2017-08-27;LO18RJ1;LO;100.0;99.79
2017-08-27;LO29RK1;LO;99.67;99.79
2017-08-27;NA04GJ3;NA;100.0;99.79
2017-08-27;NA28GK1;NA;100.0;99.79
2017-08-27;NA36GK3;NA;100.0;99.79
2017-08-27;NA54FK3;NA;88.68;99.79
2017-08-27;NA55FJ1;NA;100.0;99.79
2017-08-27;NA55FJ3;NA;100.0;99.79
2017-08-27;NA57CM3;NA;100.0;99.79
2017-08-27;NA65FK2;NA;99.92;99.79
2017-08-27;NA74CK1;NA;98.81;99.79
2017-08-27;SX16EJ3;SX;99.97;99.79
2017-08-27;SX37AK3;SX;100.0;99.79
2017-08-27;SX85CJ1;SX;99.96;99.79
2017-08-27;LO05EK1;LO;100.0;99.8
2017-08-27;LO06GJ1;LO;99.99;99.8
2017-08-27;LO11RK3;LO;97.5;99.8
2017-08-27;LO14RK2;LO;100.0;99.8
2017-08-27;LO15BK2;LO;100.0;99.8
2017-08-27;LO23AJ2;LO;99.95;99.8
2017-08-27;NA06GJ3;NA;99.99;99.8
2017-08-27;NA09FK2;NA;100.0;99.8
2017-08-27;NA09GJ2;NA;99.93;99.8
2017-08-27;NA19GJ1;NA;100.0;99.8
2017-08-27;NA22CM1;NA;100.0;99.8
2017-08-27;NA33GJ1;NA;100.0;99.8
2017-08-27;NA36GJ3;NA;100.0;99.8
2017-08-27;NA44AM2;NA;97.15;99.8
2017-08-27;NA49CM2;NA;100.0;99.8
2017-08-27;SO20SK2;SO;100.0;99.8
2017-08-27;SO26SJ1;SO;99.99;99.8
2017-08-27;SX07AL1;SX;99.21;99.8
2017-08-27;SX07ZJ1;SX;100.0;99.8
2017-08-27;SX17AK1;SX;100.0;99.8
2017-08-27;SX24OJ3;SX;100.0;99.8
2017-08-27;SX34ZK2;SX;100.0;99.8
2017-08-27;SX54ZK1;SX;100.0;99.8
2017-08-27;SX73CK3;SX;100.0;99.8
2017-08-27;SX76LK3;SX;99.98;99.8
2017-08-27;LO02RJ2;LO;100.0;99.81
2017-08-27;LO05EJ2;LO;100.0;99.81
2017-08-27;LO07RJ2;LO;99.95;99.81
2017-08-27;LO09EK3;LO;99.92;99.81
2017-08-27;LO13RK1;LO;99.89;99.81
2017-08-27;LO19AJ1;LO;100.0;99.81
2017-08-27;LO24RJ3;LO;100.0;99.81
2017-08-27;LO31AJ1;LO;99.96;99.81
2017-08-27;LO32AJ2;LO;99.88;99.81
2017-08-27;LO33AK3;LO;99.87;99.81
2017-08-27;NA14GJ2;NA;99.98;99.81
2017-08-27;NA30CK1;NA;100.0;99.81
2017-08-27;NA31CJ1;NA;100.0;99.81
2017-08-27;NA33GJ3;NA;100.0;99.81
2017-08-27;NA36FL2;NA;86.38;99.81
2017-08-27;NA40CJ1;NA;100.0;99.81
2017-08-27;NA40CJ2;NA;99.97;99.81
2017-08-27;NA49BK2;NA;100.0;99.81
2017-08-27;NA51FK1;NA;100.0;99.81
2017-08-27;NA65AM2;NA;100.0;99.81
2017-08-27;NA65FK1;NA;97.74;99.81
2017-08-27;SX31ZJ2;SX;100.0;99.81
2017-08-27;SX33EJ1;SX;100.0;99.81
2017-08-27;SX55CK3;SX;100.0;99.81
2017-08-27;SX65ZJ1;SX;99.87;99.81
2017-08-27;SX75LJ3;SX;99.72;99.81
2017-08-27;SX85CJ2;SX;99.85;99.81
2017-08-27;SX85LK2;SX;100.0;99.81
2017-08-27;BU13AM1;BU;100.0;99.82
2017-08-27;LO03EJ1;LO;100.0;99.82
2017-08-27;LO20RK3;LO;99.87;99.82
2017-08-27;LO21RJ3;LO;100.0;99.82
2017-08-27;LO46RK1;LO;98.42;99.82
2017-08-27;NA04FK2;NA;100.0;99.82
2017-08-27;NA04GJ1;NA;100.0;99.82
2017-08-27;NA06GJ2;NA;99.95;99.82
2017-08-27;NA07AJ2;NA;100.0;99.82
2017-08-27;NA18FJ2;NA;100.0;99.82
2017-08-27;NA19EJ1;NA;100.0;99.82
2017-08-27;NA25FK1;NA;98.67;99.82
2017-08-27;NA29CJ2;NA;99.97;99.82
2017-08-27;NA29GK1;NA;90.48;99.82
2017-08-27;NA31CJ2;NA;100.0;99.82
2017-08-27;NA32CJ2;NA;99.96;99.82
2017-08-27;NA33FJ1;NA;100.0;99.82
2017-08-27;NA43AJ3;NA;100.0;99.82
2017-08-27;NA43BJ3;NA;100.0;99.82
2017-08-27;NA47FJ2;NA;100.0;99.82
2017-08-27;NA59CK1;NA;100.0;99.82
2017-08-27;SX05ZJ2;SX;99.92;99.82
2017-08-27;SX13EK3;SX;100.0;99.82
2017-08-27;SX14EJ1;SX;100.0;99.82
2017-08-27;SX16EJ2;SX;99.72;99.82
2017-08-27;SX16EK2;SX;100.0;99.82
2017-08-27;SX17CJ1;SX;99.89;99.82
2017-08-27;SX17CJ3;SX;99.98;99.82
2017-08-27;SX18AJ3;SX;99.95;99.82
2017-08-27;SX25CJ2;SX;100.0;99.82
2017-08-27;SX37AJ2;SX;99.47;99.82
2017-08-27;SX37AK2;SX;100.0;99.82
2017-08-27;SX54ZJ2;SX;100.0;99.82
2017-08-27;SX56CK1;SX;100.0;99.82
2017-08-27;SX65ZK1;SX;100.0;99.82
2017-08-27;LO05CJ2;LO;100.0;99.83
2017-08-27;LO06RJ1;LO;100.0;99.83
2017-08-27;LO09EK2;LO;99.48;99.83
2017-08-27;LO10RK3;LO;100.0;99.83
2017-08-27;LO11DJ3;LO;100.0;99.83
2017-08-27;LO16AK2;LO;99.54;99.83
2017-08-27;LO33AK1;LO;97.94;99.83
2017-08-27;NA04FK1;NA;99.62;99.83
2017-08-27;NA05GK1;NA;91.72;99.83
2017-08-27;NA32FK1;NA;97.06;99.83
2017-08-27;NA43CJ3;NA;100.0;99.83
2017-08-27;NA45CJ2;NA;100.0;99.83
2017-08-27;SX07AL3;SX;100.0;99.83
2017-08-27;SX13EJ1;SX;99.92;99.83
2017-08-27;SX17AJ3;SX;99.97;99.83
2017-08-27;SX22EK1;SX;99.95;99.83
2017-08-27;SX24OJ1;SX;100.0;99.83
2017-08-27;SX25CK3;SX;100.0;99.83
2017-08-27;SX34ZJ2;SX;100.0;99.83
2017-08-27;SX39ZK1;SX;100.0;99.83
2017-08-27;SX55ZJ1;SX;100.0;99.83
2017-08-27;SX61CJ2;SX;99.57;99.83
2017-08-27;SX74LJ2;SX;99.97;99.83
2017-08-27;SX78LJ2;SX;99.99;99.83
2017-08-27;ZA14SM1;ZA;100.0;99.83
2017-08-27;LO02RJ3;LO;100.0;99.84
2017-08-27;LO06RK3;LO;100.0;99.84
2017-08-27;LO07CM2;LO;99.84;99.84
2017-08-27;LO09RK1;LO;100.0;99.84
2017-08-27;LO14RK1;LO;99.98;99.84
2017-08-27;LO18AJ2;LO;100.0;99.84
2017-08-27;LO19BJ2;LO;100.0;99.84
2017-08-27;LO19RK2;LO;99.48;99.84
2017-08-27;LO21RJ1;LO;99.99;99.84
2017-08-27;LO22RK2;LO;98.66;99.84
2017-08-27;NA07AJ1;NA;100.0;99.84
2017-08-27;NA09GK2;NA;99.7;99.84
2017-08-27;NA11FJ1;NA;100.0;99.84
2017-08-27;NA16CM3;NA;100.0;99.84
2017-08-27;NA16FK2;NA;93.06;99.84
2017-08-27;NA18GJ1;NA;100.0;99.84
2017-08-27;NA18GK1;NA;99.74;99.84
2017-08-27;NA19DJ2;NA;99.84;99.84
2017-08-27;NA19GJ3;NA;100.0;99.84
2017-08-27;NA28GK2;NA;99.95;99.84
2017-08-27;NA46BJ3;NA;100.0;99.84
2017-08-27;NA58AM2;NA;100.0;99.84
2017-08-27;NA65AM1;NA;100.0;99.84
2017-08-27;NA71CK1;NA;99.53;99.84
2017-08-27;SO53EJ1;SO;100.0;99.84
2017-08-27;SX12EK3;SX;100.0;99.84
2017-08-27;SX15ZK1;SX;100.0;99.84
2017-08-27;SX21EJ1;SX;99.81;99.84
2017-08-27;SX23EJ3;SX;99.35;99.84
2017-08-27;SX56LK2;SX;100.0;99.84
2017-08-27;SX62ZJ1;SX;100.0;99.84
2017-08-27;SX66CJ1;SX;100.0;99.84
2017-08-27;SX79EK1;SX;100.0;99.84
2017-08-27;LO02RK3;LO;98.94;99.85
2017-08-27;LO04RK1;LO;96.23;99.85
2017-08-27;LO04RK3;LO;100.0;99.85
2017-08-27;LO07RK1;LO;99.75;99.85
2017-08-27;LO08CM3;LO;100.0;99.85
2017-08-27;LO08EJ3;LO;100.0;99.85
2017-08-27;LO14BJ2;LO;99.9;99.85
2017-08-27;LO23RJ2;LO;100.0;99.85
2017-08-27;LO24RJ2;LO;99.98;99.85
2017-08-27;LO30RK1;LO;91.89;99.85
2017-08-27;LO33AJ3;LO;100.0;99.85
2017-08-27;NA05BJ2;NA;100.0;99.85
2017-08-27;NA06GJ1;NA;100.0;99.85
2017-08-27;NA11FJ3;NA;100.0;99.85
2017-08-27;NA14GJ1;NA;100.0;99.85
2017-08-27;NA18EJ2;NA;100.0;99.85
2017-08-27;NA22CM3;NA;100.0;99.85
2017-08-27;NA28GK3;NA;100.0;99.85
2017-08-27;NA29GK2;NA;97.53;99.85
2017-08-27;NA35EJ2;NA;100.0;99.85
2017-08-27;NA41CM2;NA;100.0;99.85
2017-08-27;NA43AJ2;NA;99.74;99.85
2017-08-27;NA49BK3;NA;100.0;99.85
2017-08-27;NA50CJ2;NA;100.0;99.85
2017-08-27;NA56BM1;NA;99.89;99.85
2017-08-27;NA59CK2;NA;100.0;99.85
2017-08-27;NA61CM1;NA;100.0;99.85
2017-08-27;SX09ZK1;SX;100.0;99.85
2017-08-27;SX11ZK3;SX;100.0;99.85
2017-08-27;SX13EK2;SX;100.0;99.85
2017-08-27;SX13ZK2;SX;100.0;99.85
2017-08-27;SX18ZK1;SX;99.99;99.85
2017-08-27;SX21EK1;SX;100.0;99.85
2017-08-27;SX23EK1;SX;100.0;99.85
2017-08-27;SX23EK3;SX;100.0;99.85
2017-08-27;SX24OJ2;SX;99.98;99.85
2017-08-27;SX27OK3;SX;100.0;99.85
2017-08-27;SX38LK2;SX;100.0;99.85
2017-08-27;SX51ZJ3;SX;100.0;99.85
2017-08-27;SX70AK3;SX;100.0;99.85
2017-08-27;SX90EJ2;SX;99.62;99.85
2017-08-27;LO01DM2;LO;100.0;99.86
2017-08-27;LO02RJ1;LO;100.0;99.86
2017-08-27;LO05EJ1;LO;100.0;99.86
2017-08-27;LO06RK2;LO;99.71;99.86
2017-08-27;LO07EK3;LO;100.0;99.86
2017-08-27;LO10RK2;LO;100.0;99.86
2017-08-27;LO11RJ1;LO;100.0;99.86
2017-08-27;LO12DM3;LO;100.0;99.86
2017-08-27;LO14BJ3;LO;100.0;99.86
2017-08-27;LO14RJ1;LO;100.0;99.86
2017-08-27;LO15AJ3;LO;99.98;99.86
2017-08-27;LO30RK2;LO;88.95;99.86
2017-08-27;LO30RK3;LO;95.93;99.86
2017-08-27;LO32RK3;LO;100.0;99.86
2017-08-27;LO44RK1;LO;100.0;99.86
2017-08-27;NA19FK1;NA;85.95;99.86
2017-08-27;NA20GK3;NA;99.98;99.86
2017-08-27;NA41CJ1;NA;100.0;99.86
2017-08-27;NA43AJ1;NA;99.97;99.86
2017-08-27;NA46CJ2;NA;99.98;99.86
2017-08-27;NA63BK2;NA;100.0;99.86
2017-08-27;NA73CK1;NA;99.06;99.86
2017-08-27;SX12EK1;SX;100.0;99.86
2017-08-27;SX15EK1;SX;100.0;99.86
2017-08-27;SX18EK1;SX;100.0;99.86
2017-08-27;SX19EK1;SX;100.0;99.86
2017-08-27;SX20EK3;SX;99.99;99.86
2017-08-27;SX23LK3;SX;100.0;99.86
2017-08-27;SX25CJ3;SX;99.94;99.86
2017-08-27;SX25EK2;SX;100.0;99.86
2017-08-27;SX27EK2;SX;99.99;99.86
2017-08-27;SX27LK1;SX;99.97;99.86
2017-08-27;SX34ZJ1;SX;100.0;99.86
2017-08-27;SX41OK1;SX;100.0;99.86
2017-08-27;SX51EK2;SX;99.96;99.86
2017-08-27;SX59ZK1;SX;100.0;99.86
2017-08-27;SX84LK2;SX;100.0;99.86
2017-08-27;BU02SJ2;BU;99.97;99.87
2017-08-27;LO01DM1;LO;100.0;99.87
2017-08-27;LO01GJ1;LO;100.0;99.87
2017-08-27;LO01RL1;LO;100.0;99.87
2017-08-27;LO02RK2;LO;98.5;99.87
2017-08-27;LO05GJ1;LO;100.0;99.87
2017-08-27;LO07RJ3;LO;100.0;99.87
2017-08-27;LO08IJ1;LO;99.87;99.87
2017-08-27;LO11RK1;LO;99.93;99.87
2017-08-27;LO11RK2;LO;99.78;99.87
2017-08-27;LO19RJ2;LO;100.0;99.87
2017-08-27;LO22AJ3;LO;99.99;99.87
2017-08-27;LO25AJ2;LO;99.95;99.87
2017-08-27;LO35RK1;LO;100.0;99.87
2017-08-27;NA09FJ3;NA;100.0;99.87
2017-08-27;NA11GK1;NA;99.2;99.87
2017-08-27;NA15FJ3;NA;99.99;99.87
2017-08-27;NA28FK2;NA;88.03;99.87
2017-08-27;NA30GJ1;NA;100.0;99.87
2017-08-27;NA33DJ1;NA;100.0;99.87
2017-08-27;NA33FK3;NA;92.54;99.87
2017-08-27;NA34FK3;NA;99.99;99.87
2017-08-27;NA36GJ2;NA;99.97;99.87
2017-08-27;NA38CM1;NA;100.0;99.87
2017-08-27;NA40EJ1;NA;100.0;99.87
2017-08-27;NA47FK2;NA;100.0;99.87
2017-08-27;SO26SJ2;SO;100.0;99.87
2017-08-27;SX03EK2;SX;100.0;99.87
2017-08-27;SX05ZJ1;SX;99.79;99.87
2017-08-27;SX06ZJ2;SX;100.0;99.87
2017-08-27;SX07ZK1;SX;100.0;99.87
2017-08-27;SX09ZJ2;SX;99.96;99.87
2017-08-27;SX11ZK2;SX;100.0;99.87
2017-08-27;SX14EK2;SX;100.0;99.87
2017-08-27;SX14LJ2;SX;99.95;99.87
2017-08-27;SX15EJ1;SX;99.76;99.87
2017-08-27;SX15EJ2;SX;100.0;99.87
2017-08-27;SX21ZK2;SX;99.99;99.87
2017-08-27;SX24LK1;SX;100.0;99.87
2017-08-27;SX34ZJ3;SX;100.0;99.87
2017-08-27;SX56LK1;SX;100.0;99.87
2017-08-27;LO02GJ2;LO;100.0;99.88
2017-08-27;LO07RJ1;LO;99.98;99.88
2017-08-27;LO12FJ2;LO;100.0;99.88
2017-08-27;LO14BK1;LO;100.0;99.88
2017-08-27;LO18RJ3;LO;100.0;99.88
2017-08-27;LO23RK2;LO;100.0;99.88
2017-08-27;LO32RJ1;LO;100.0;99.88
2017-08-27;LO32RK2;LO;100.0;99.88
2017-08-27;NA11GJ1;NA;100.0;99.88
2017-08-27;NA11GK2;NA;97.88;99.88
2017-08-27;NA15FJ2;NA;100.0;99.88
2017-08-27;NA19FJ1;NA;99.99;99.88
2017-08-27;NA26DK3;NA;99.55;99.88
2017-08-27;NA29FK2;NA;98.1;99.88
2017-08-27;NA30CK3;NA;100.0;99.88
2017-08-27;NA33FJ3;NA;100.0;99.88
2017-08-27;NA50FK1;NA;99.48;99.88
2017-08-27;NA55CJ1;NA;100.0;99.88
2017-08-27;NA59CK3;NA;100.0;99.88
2017-08-27;SO14SK2;SO;100.0;99.88
2017-08-27;SO20SJ3;SO;99.86;99.88
2017-08-27;SX13EK1;SX;100.0;99.88
2017-08-27;SX16EK3;SX;100.0;99.88
2017-08-27;SX16LJ3;SX;99.96;99.88
2017-08-27;SX17AK3;SX;100.0;99.88
2017-08-27;SX17EK3;SX;100.0;99.88
2017-08-27;SX20EK2;SX;99.99;99.88
2017-08-27;SX21EK3;SX;100.0;99.88
2017-08-27;SX23EK2;SX;100.0;99.88
2017-08-27;SX25CK1;SX;100.0;99.88
2017-08-27;SX32LK2;SX;100.0;99.88
2017-08-27;SX37AK1;SX;100.0;99.88
2017-08-27;SX51ZK3;SX;100.0;99.88
2017-08-27;SX54ZK3;SX;100.0;99.88
2017-08-27;SX56ZJ3;SX;100.0;99.88
2017-08-27;SX65ZK2;SX;99.99;99.88
2017-08-27;SX74LJ1;SX;99.92;99.88
2017-08-27;SX74ZK3;SX;100.0;99.88
2017-08-27;SX76AK3;SX;100.0;99.88
2017-08-27;SX86AJ1;SX;99.92;99.88
2017-08-27;SX90ZK3;SX;100.0;99.88
2017-08-27;LO01GJ2;LO;100.0;99.89
2017-08-27;LO09EK1;LO;99.52;99.89
2017-08-27;LO09RL2;LO;100.0;99.89
2017-08-27;LO15BJ1;LO;99.95;99.89
2017-08-27;LO18BJ3;LO;100.0;99.89
2017-08-27;LO23RJ1;LO;100.0;99.89
2017-08-27;LO23RK3;LO;100.0;99.89
2017-08-27;LO28AJ1;LO;99.95;99.89
2017-08-27;LO30AJ1;LO;99.98;99.89
2017-08-27;LO32AJ3;LO;99.77;99.89
2017-08-27;NA06FK3;NA;98.44;99.89
2017-08-27;NA07GK2;NA;100.0;99.89
2017-08-27;NA11FK3;NA;99.82;99.89
2017-08-27;NA14FK3;NA;93.95;99.89
2017-08-27;NA23CJ3;NA;100.0;99.89
2017-08-27;NA33GJ2;NA;100.0;99.89
2017-08-27;NA38CM3;NA;100.0;99.89
2017-08-27;NA41AJ3;NA;100.0;99.89
2017-08-27;NA42CM2;NA;100.0;99.89
2017-08-27;NA51FJ2;NA;100.0;99.89
2017-08-27;NA53CK2;NA;100.0;99.89
2017-08-27;SX05ZK3;SX;99.97;99.89
2017-08-27;SX13EJ2;SX;99.82;99.89
2017-08-27;SX17EK2;SX;100.0;99.89
2017-08-27;SX18EJ1;SX;99.79;99.89
2017-08-27;SX19EK2;SX;100.0;99.89
2017-08-27;SX19EK3;SX;100.0;99.89
2017-08-27;SX21ZK3;SX;100.0;99.89
2017-08-27;SX23LK1;SX;100.0;99.89
2017-08-27;SX27LK3;SX;100.0;99.89
2017-08-27;SX37AJ3;SX;99.87;99.89
2017-08-27;SX38AK3;SX;99.98;99.89
2017-08-27;SX46LK1;SX;100.0;99.89
2017-08-27;SX62ZJ3;SX;100.0;99.89
2017-08-27;SX67ZK2;SX;100.0;99.89
2017-08-27;SX67ZK3;SX;100.0;99.89
2017-08-27;SX72ZK3;SX;100.0;99.89
2017-08-27;SX73CK1;SX;100.0;99.89
2017-08-27;SX76AK2;SX;100.0;99.89
2017-08-27;SX86AJ2;SX;99.88;99.89
2017-08-27;LO01RK2;LO;97.2;99.9
2017-08-27;LO03GJ1;LO;100.0;99.9
2017-08-27;LO06EJ1;LO;100.0;99.9
2017-08-27;LO06RK1;LO;95.25;99.9
2017-08-27;LO11DJ2;LO;100.0;99.9
2017-08-27;LO12RK2;LO;92.05;99.9
2017-08-27;LO12RK3;LO;99.55;99.9
2017-08-27;LO14RJ3;LO;100.0;99.9
2017-08-27;LO15BK3;LO;98.88;99.9
2017-08-27;LO16AK3;LO;100.0;99.9
2017-08-27;LO19RK3;LO;100.0;99.9
2017-08-27;LO20BJ2;LO;99.94;99.9
2017-08-27;LO21AJ1;LO;100.0;99.9
2017-08-27;LO22RJ3;LO;100.0;99.9
2017-08-27;LO22RK4;LO;100.0;99.9
2017-08-27;LO30AJ3;LO;99.95;99.9
2017-08-27;LO32RJ2;LO;100.0;99.9
2017-08-27;LO36RJ1;LO;100.0;99.9
2017-08-27;NA06FK2;NA;99.78;99.9
2017-08-27;NA10FK1;NA;91.6;99.9
2017-08-27;NA10GK2;NA;97.17;99.9
2017-08-27;NA22CJ3;NA;100.0;99.9
2017-08-27;NA23CJ2;NA;100.0;99.9
2017-08-27;NA25FK2;NA;93.46;99.9
2017-08-27;NA26FJ3;NA;100.0;99.9
2017-08-27;NA26FK1;NA;99.74;99.9
2017-08-27;NA26FK2;NA;100.0;99.9
2017-08-27;NA29FK1;NA;95.89;99.9
2017-08-27;NA33FK1;NA;99.35;99.9
2017-08-27;NA34FK2;NA;83.59;99.9
2017-08-27;NA37FJ2;NA;100.0;99.9
2017-08-27;NA37FK2;NA;100.0;99.9
2017-08-27;NA41AJ2;NA;100.0;99.9
2017-08-27;NA47FK3;NA;98.96;99.9
2017-08-27;NA49BJ1;NA;100.0;99.9
2017-08-27;NA50FK3;NA;94.73;99.9
2017-08-27;NA51FK3;NA;100.0;99.9
2017-08-27;NA58FK1;NA;95.52;99.9
2017-08-27;NA61FK2;NA;98.78;99.9
2017-08-27;NA62FK3;NA;99.59;99.9
2017-08-27;NA63FK3;NA;92.77;99.9
2017-08-27;NA66CJ2;NA;100.0;99.9
2017-08-27;SO45EJ1;SO;100.0;99.9
2017-08-27;SX04AK1;SX;100.0;99.9
2017-08-27;SX04AK3;SX;100.0;99.9
2017-08-27;SX07ZK2;SX;100.0;99.9
2017-08-27;SX09ZJ3;SX;99.93;99.9
2017-08-27;SX14EJ2;SX;99.97;99.9
2017-08-27;SX17AJ1;SX;99.98;99.9
2017-08-27;SX17EJ3;SX;99.98;99.9
2017-08-27;SX18AJ2;SX;99.96;99.9
2017-08-27;SX18ZK2;SX;100.0;99.9
2017-08-27;SX19EJ3;SX;99.85;99.9
2017-08-27;SX23LK2;SX;100.0;99.9
2017-08-27;SX51ZK2;SX;100.0;99.9
2017-08-27;SX60ZK1;SX;99.97;99.9
2017-08-27;SX75LK1;SX;99.99;99.9
2017-08-27;SX85CJ3;SX;99.99;99.9
2017-08-27;SX97ZJ1;SX;100.0;99.9
2017-08-27;LE05SM2;LE;100.0;99.91
2017-08-27;LO01RJ1;LO;100.0;99.91
2017-08-27;LO01RK1;LO;99.73;99.91
2017-08-27;LO02RK1;LO;96.75;99.91
2017-08-27;LO06RJ3;LO;99.98;99.91
2017-08-27;LO11AJ1;LO;99.83;99.91
2017-08-27;LO14RJ2;LO;99.96;99.91
2017-08-27;LO16RK1;LO;99.96;99.91
2017-08-27;LO18RK1;LO;95.7;99.91
2017-08-27;LO21RJ2;LO;100.0;99.91
2017-08-27;LO23RJ3;LO;100.0;99.91
2017-08-27;LO31RK1;LO;100.0;99.91
2017-08-27;LO37RJ2;LO;99.98;99.91
2017-08-27;NA04FK3;NA;99.85;99.91
2017-08-27;NA09FL2;NA;100.0;99.91
2017-08-27;NA21FK2;NA;95.43;99.91
2017-08-27;NA27FK2;NA;94.5;99.91
2017-08-27;NA28GJ1;NA;100.0;99.91
2017-08-27;NA29FK3;NA;88.57;99.91
2017-08-27;NA33FK2;NA;100.0;99.91
2017-08-27;NA35GK3;NA;100.0;99.91
2017-08-27;NA37FJ1;NA;100.0;99.91
2017-08-27;NA40EJ2;NA;100.0;99.91
2017-08-27;NA42FK1;NA;81.43;99.91
2017-08-27;NA46BJ1;NA;100.0;99.91
2017-08-27;NA52FJ1;NA;99.99;99.91
2017-08-27;NA54FK1;NA;98.87;99.91
2017-08-27;NA62FK1;NA;91.55;99.91
2017-08-27;NA66CJ1;NA;100.0;99.91
2017-08-27;NA68CK1;NA;100.0;99.91
2017-08-27;NA70CK2;NA;99.8;99.91
2017-08-27;NA74CK2;NA;99.15;99.91
2017-08-27;SX03ZK1;SX;100.0;99.91
2017-08-27;SX05ZJ3;SX;99.74;99.91
2017-08-27;SX07AK2;SX;100.0;99.91
2017-08-27;SX07AL2;SX;98.16;99.91
2017-08-27;SX07ZK3;SX;100.0;99.91
2017-08-27;SX09ZJ1;SX;99.91;99.91
2017-08-27;SX09ZK3;SX;99.97;99.91
2017-08-27;SX11LK2;SX;100.0;99.91
2017-08-27;SX17EK1;SX;100.0;99.91
2017-08-27;SX25CK2;SX;100.0;99.91
2017-08-27;SX30EK1;SX;100.0;99.91
2017-08-27;SX31ZK1;SX;100.0;99.91
2017-08-27;SX31ZK2;SX;100.0;99.91
2017-08-27;SX37AJ1;SX;99.99;99.91
2017-08-27;SX38LK3;SX;100.0;99.91
2017-08-27;SX48ZK1;SX;100.0;99.91
2017-08-27;SX56CJ1;SX;99.69;99.91
2017-08-27;SX62ZK1;SX;100.0;99.91
2017-08-27;SX83CJ2;SX;100.0;99.91
2017-08-27;SX97ZK1;SX;100.0;99.91
2017-08-27;SX98ZK1;SX;100.0;99.91
2017-08-27;LO01RJ2;LO;100.0;99.92
2017-08-27;LO01RL2;LO;100.0;99.92
2017-08-27;LO04GJ3;LO;100.0;99.92
2017-08-27;LO09RL3;LO;99.1;99.92
2017-08-27;LO10FJ1;LO;100.0;99.92
2017-08-27;LO10FJ3;LO;100.0;99.92
2017-08-27;LO12AJ2;LO;100.0;99.92
2017-08-27;LO14BK2;LO;99.79;99.92
2017-08-27;LO16RK2;LO;99.46;99.92
2017-08-27;LO18RJ2;LO;100.0;99.92
2017-08-27;LO32AJ1;LO;100.0;99.92
2017-08-27;LO37RJ3;LO;100.0;99.92
2017-08-27;LO45RK2;LO;98.04;99.92
2017-08-27;NA08GK3;NA;100.0;99.92
2017-08-27;NA09FJ1;NA;100.0;99.92
2017-08-27;NA10GJ2;NA;99.97;99.92
2017-08-27;NA10GK1;NA;93.36;99.92
2017-08-27;NA11FK2;NA;100.0;99.92
2017-08-27;NA13GJ2;NA;99.98;99.92
2017-08-27;NA14FK1;NA;96.07;99.92
2017-08-27;NA16FK1;NA;88.05;99.92
2017-08-27;NA16FK3;NA;88.8;99.92
2017-08-27;NA19FJ3;NA;100.0;99.92
2017-08-27;NA22CJ2;NA;100.0;99.92
2017-08-27;NA24CM1;NA;99.77;99.92
2017-08-27;NA26FK3;NA;96.74;99.92
2017-08-27;NA28GJ3;NA;100.0;99.92
2017-08-27;NA36FK2;NA;95.7;99.92
2017-08-27;NA37EJ1;NA;100.0;99.92
2017-08-27;NA40FK3;NA;95.74;99.92
2017-08-27;NA42FK3;NA;80.34;99.92
2017-08-27;NA48FK1;NA;100.0;99.92
2017-08-27;NA49BK1;NA;100.0;99.92
2017-08-27;NA52FJ2;NA;100.0;99.92
2017-08-27;NA61FK3;NA;91.64;99.92
2017-08-27;NA65FK3;NA;97.59;99.92
2017-08-27;SO14SK1;SO;99.12;99.92
2017-08-27;SX05ZK1;SX;99.94;99.92
2017-08-27;SX05ZL3;SX;100.0;99.92
2017-08-27;SX07AK1;SX;99.99;99.92
2017-08-27;SX11LK1;SX;99.99;99.92
2017-08-27;SX11ZK1;SX;100.0;99.92
2017-08-27;SX14LJ1;SX;99.97;99.92
2017-08-27;SX16EK1;SX;100.0;99.92
2017-08-27;SX16LJ1;SX;100.0;99.92
2017-08-27;SX29ZK1;SX;100.0;99.92
2017-08-27;SX34ZK1;SX;100.0;99.92
2017-08-27;SX34ZK3;SX;100.0;99.92
2017-08-27;SX38AK2;SX;100.0;99.92
2017-08-27;SX38LK1;SX;100.0;99.92
2017-08-27;SX41EJ3;SX;99.85;99.92
2017-08-27;SX47ZK2;SX;100.0;99.92
2017-08-27;SX51EK3;SX;100.0;99.92
2017-08-27;SX51ZL2;SX;99.84;99.92
2017-08-27;SX60ZK2;SX;99.99;99.92
2017-08-27;SX61ZJ1;SX;99.98;99.92
2017-08-27;SX61ZK2;SX;100.0;99.92
2017-08-27;SX61ZK3;SX;100.0;99.92
2017-08-27;SX79EK3;SX;100.0;99.92
2017-08-27;SX80ZK1;SX;100.0;99.92
2017-08-27;SX83CJ1;SX;99.94;99.92
2017-08-27;SX85LJ3;SX;99.94;99.92
2017-08-27;SX85LK3;SX;99.99;99.92
2017-08-27;SX91ZK1;SX;100.0;99.92
2017-08-27;LO06GJ2;LO;100.0;99.93
2017-08-27;LO07EK2;LO;100.0;99.93
2017-08-27;LO12DJ1;LO;100.0;99.93
2017-08-27;LO13BJ2;LO;99.57;99.93
2017-08-27;LO14RK3;LO;99.59;99.93
2017-08-27;LO17RK2;LO;99.88;99.93
2017-08-27;LO20BJ1;LO;100.0;99.93
2017-08-27;LO28AK3;LO;100.0;99.93
2017-08-27;LO33AJ1;LO;100.0;99.93
2017-08-27;LO45RK3;LO;99.93;99.93
2017-08-27;NA08GK1;NA;99.88;99.93
2017-08-27;NA23CM1;NA;99.97;99.93
2017-08-27;NA27FK3;NA;98.67;99.93
2017-08-27;NA36CJ3;NA;99.85;99.93
2017-08-27;NA37FK1;NA;99.66;99.93
2017-08-27;NA37FK3;NA;99.98;99.93
2017-08-27;NA39FK3;NA;94.01;99.93
2017-08-27;NA40GK3;NA;96.75;99.93
2017-08-27;NA52FK2;NA;99.57;99.93
2017-08-27;NA54FK2;NA;98.38;99.93
2017-08-27;NA56FK2;NA;96.07;99.93
2017-08-27;NA63BJ2;NA;99.93;99.93
2017-08-27;NA68BJ3;NA;99.95;99.93
2017-08-27;NA68CK3;NA;100.0;99.93
2017-08-27;NA79CK2;NA;99.99;99.93
2017-08-27;SX02ZK1;SX;100.0;99.93
2017-08-27;SX04LJ3;SX;99.95;99.93
2017-08-27;SX17AK2;SX;100.0;99.93
2017-08-27;SX21ZK1;SX;100.0;99.93
2017-08-27;SX32ZK2;SX;100.0;99.93
2017-08-27;SX52EM2;SX;100.0;99.93
2017-08-27;SX55ZJ2;SX;99.98;99.93
2017-08-27;SX62ZJ2;SX;100.0;99.93
2017-08-27;SX65ZK3;SX;100.0;99.93
2017-08-27;SX70AK2;SX;100.0;99.93
2017-08-27;SX73EK2;SX;100.0;99.93
2017-08-27;SX75LJ1;SX;99.98;99.93
2017-08-27;SX84CK1;SX;100.0;99.93
2017-08-27;SX90ZK1;SX;100.0;99.93
2017-08-27;LO06CJ1;LO;100.0;99.94
2017-08-27;LO07EK1;LO;99.04;99.94
2017-08-27;LO09RK2;LO;100.0;99.94
2017-08-27;LO10RK1;LO;99.95;99.94
2017-08-27;LO14AJ3;LO;99.97;99.94
2017-08-27;LO15BK1;LO;95.5;99.94
2017-08-27;LO23AJ1;LO;99.97;99.94
2017-08-27;LO31AJ2;LO;99.82;99.94
2017-08-27;LO43RK1;LO;99.47;99.94
2017-08-27;NA08GK2;NA;99.3;99.94
2017-08-27;NA09GK3;NA;99.99;99.94
2017-08-27;NA13GJ1;NA;100.0;99.94
2017-08-27;NA17GJ2;NA;100.0;99.94
2017-08-27;NA21FL3;NA;99.63;99.94
2017-08-27;NA23FK2;NA;98.84;99.94
2017-08-27;NA25FK3;NA;97.93;99.94
2017-08-27;NA32FK3;NA;99.97;99.94
2017-08-27;NA35FK3;NA;96.06;99.94
2017-08-27;NA36CJ2;NA;100.0;99.94
2017-08-27;NA39GK1;NA;99.99;99.94
2017-08-27;NA40FK1;NA;99.74;99.94
2017-08-27;NA40GK2;NA;97.37;99.94
2017-08-27;NA43CJ2;NA;100.0;99.94
2017-08-27;NA57CM1;NA;92.6;99.94
2017-08-27;NA65BK2;NA;100.0;99.94
2017-08-27;NA68BJ2;NA;99.91;99.94
2017-08-27;NA68CK2;NA;100.0;99.94
2017-08-27;NA70CK3;NA;99.89;99.94
2017-08-27;NA72CK1;NA;99.88;99.94
2017-08-27;SO52EJ1;SO;100.0;99.94
2017-08-27;SX05ZK2;SX;99.98;99.94
2017-08-27;SX13ZK1;SX;100.0;99.94
2017-08-27;SX17AJ2;SX;100.0;99.94
2017-08-27;SX17EJ2;SX;100.0;99.94
2017-08-27;SX21EK2;SX;100.0;99.94
2017-08-27;SX22ZK2;SX;100.0;99.94
2017-08-27;SX28EK2;SX;100.0;99.94
2017-08-27;SX33ZK2;SX;100.0;99.94
2017-08-27;SX38AJ3;SX;99.97;99.94
2017-08-27;SX39ZK3;SX;100.0;99.94
2017-08-27;SX42CK2;SX;100.0;99.94
2017-08-27;SX51ZK1;SX;100.0;99.94
2017-08-27;SX67ZK1;SX;100.0;99.94
2017-08-27;SX68ZK1;SX;100.0;99.94
2017-08-27;SX80ZK3;SX;100.0;99.94
2017-08-27;LO04GJ1;LO;100.0;99.95
2017-08-27;LO06GJ3;LO;100.0;99.95
2017-08-27;LO09RL1;LO;100.0;99.95
2017-08-27;LO14BJ1;LO;99.98;99.95
2017-08-27;LO17RK3;LO;100.0;99.95
2017-08-27;LO18RK3;LO;95.95;99.95
2017-08-27;LO21AJ2;LO;100.0;99.95
2017-08-27;LO22AJ2;LO;100.0;99.95
2017-08-27;LO24RK1;LO;100.0;99.95
2017-08-27;LO24RK3;LO;100.0;99.95
2017-08-27;LO25AJ1;LO;99.82;99.95
2017-08-27;LO35RK2;LO;98.72;99.95
2017-08-27;LO35RK3;LO;98.96;99.95
2017-08-27;LO36RJ2;LO;100.0;99.95
2017-08-27;NA05GJ1;NA;100.0;99.95
2017-08-27;NA10FK2;NA;91.37;99.95
2017-08-27;NA11FK1;NA;99.95;99.95
2017-08-27;NA13FK1;NA;97.24;99.95
2017-08-27;NA15FK1;NA;98.65;99.95
2017-08-27;NA15FK2;NA;98.76;99.95
2017-08-27;NA35FK4;NA;100.0;99.95
2017-08-27;NA38FK1;NA;100.0;99.95
2017-08-27;NA38FK2;NA;98.74;99.95
2017-08-27;NA39GJ1;NA;100.0;99.95
2017-08-27;NA40AM3;NA;100.0;99.95
2017-08-27;NA47FK1;NA;96.2;99.95
2017-08-27;NA52FK1;NA;97.76;99.95
2017-08-27;NA52FK3;NA;97.94;99.95
2017-08-27;NA53CK1;NA;100.0;99.95
2017-08-27;NA56FK3;NA;95.37;99.95
2017-08-27;NA70CJ3;NA;99.97;99.95
2017-08-27;SX03ZK3;SX;100.0;99.95
2017-08-27;SX19EJ2;SX;99.86;99.95
2017-08-27;SX21EJ2;SX;99.98;99.95
2017-08-27;SX26EK2;SX;100.0;99.95
2017-08-27;SX26EK3;SX;100.0;99.95
2017-08-27;SX27EK3;SX;100.0;99.95
2017-08-27;SX29ZK3;SX;100.0;99.95
2017-08-27;SX31ZK3;SX;100.0;99.95
2017-08-27;SX32ZK1;SX;100.0;99.95
2017-08-27;SX33ZK3;SX;100.0;99.95
2017-08-27;SX38LJ1;SX;99.98;99.95
2017-08-27;SX41OK2;SX;100.0;99.95
2017-08-27;SX60ZK3;SX;100.0;99.95
2017-08-27;SX62ZK2;SX;99.99;99.95
2017-08-27;SX62ZK3;SX;100.0;99.95
2017-08-27;SX66ZK3;SX;100.0;99.95
2017-08-27;SX68ZK2;SX;100.0;99.95
2017-08-27;SX80ZK2;SX;100.0;99.95
2017-08-27;BU43SM3;BU;100.0;99.96
2017-08-27;LO01GJ3;LO;100.0;99.96
2017-08-27;LO05GJ2;LO;100.0;99.96
2017-08-27;LO06AJ1;LO;99.96;99.96
2017-08-27;LO12AJ1;LO;99.99;99.96
2017-08-27;LO16AJ3;LO;100.0;99.96
2017-08-27;LO21AJ3;LO;100.0;99.96
2017-08-27;LO21RK1;LO;100.0;99.96
2017-08-27;LO21RK3;LO;100.0;99.96
2017-08-27;LO22RK1;LO;100.0;99.96
2017-08-27;LO26RJ3;LO;100.0;99.96
2017-08-27;LO28AJ3;LO;99.95;99.96
2017-08-27;LO38RK3;LO;100.0;99.96
2017-08-27;LO43RK2;LO;95.99;99.96
2017-08-27;NA13FK2;NA;98.99;99.96
2017-08-27;NA15GJ2;NA;100.0;99.96
2017-08-27;NA26DK1;NA;97.68;99.96
2017-08-27;NA26DK2;NA;91.63;99.96
2017-08-27;NA28FK1;NA;95.43;99.96
2017-08-27;NA30GJ3;NA;100.0;99.96
2017-08-27;NA36FL1;NA;97.88;99.96
2017-08-27;NA39FK1;NA;99.56;99.96
2017-08-27;NA40FK2;NA;96.46;99.96
2017-08-27;NA44FK2;NA;98.35;99.96
2017-08-27;NA50FK2;NA;93.12;99.96
2017-08-27;NA58FK3;NA;98.65;99.96
2017-08-27;NA65BK1;NA;100.0;99.96
2017-08-27;NA70CK1;NA;99.31;99.96
2017-08-27;SX02ZK3;SX;100.0;99.96
2017-08-27;SX03ZK2;SX;100.0;99.96
2017-08-27;SX06LK1;SX;100.0;99.96
2017-08-27;SX06LK2;SX;99.99;99.96
2017-08-27;SX10ZK3;SX;100.0;99.96
2017-08-27;SX20AJ1;SX;100.0;99.96
2017-08-27;SX22ZK1;SX;100.0;99.96
2017-08-27;SX22ZK3;SX;100.0;99.96
2017-08-27;SX25EK1;SX;100.0;99.96
2017-08-27;SX26EK1;SX;100.0;99.96
2017-08-27;SX28EK1;SX;100.0;99.96
2017-08-27;SX28EK3;SX;100.0;99.96
2017-08-27;SX38LJ3;SX;100.0;99.96
2017-08-27;SX41EJ1;SX;99.79;99.96
2017-08-27;SX47ZK1;SX;99.98;99.96
2017-08-27;SX66ZK1;SX;100.0;99.96
2017-08-27;SX72ZK2;SX;100.0;99.96
2017-08-27;SX76AK1;SX;100.0;99.96
2017-08-27;SX79LJ1;SX;99.99;99.96
2017-08-27;SX84CK2;SX;100.0;99.96
2017-08-27;SX91ZK2;SX;100.0;99.96
2017-08-27;SX91ZK3;SX;100.0;99.96
2017-08-27;LO04GJ2;LO;100.0;99.97
2017-08-27;LO10DJ1;LO;100.0;99.97
2017-08-27;LO12FJ1;LO;100.0;99.97
2017-08-27;LO13RK2;LO;99.62;99.97
2017-08-27;LO20RK1;LO;99.87;99.97
2017-08-27;LO20RK2;LO;99.79;99.97
2017-08-27;LO21RK2;LO;100.0;99.97
2017-08-27;LO22RK3;LO;96.77;99.97
2017-08-27;LO29AJ1;LO;99.95;99.97
2017-08-27;LO38RK1;LO;100.0;99.97
2017-08-27;LO43RK3;LO;100.0;99.97
2017-08-27;LO45RK1;LO;99.51;99.97
2017-08-27;NA09FK1;NA;97.96;99.97
2017-08-27;NA09FL3;NA;100.0;99.97
2017-08-27;NA10CJ1;NA;99.97;99.97
2017-08-27;NA10FK3;NA;96.73;99.97
2017-08-27;NA11GJ3;NA;100.0;99.97
2017-08-27;NA11GK3;NA;94.68;99.97
2017-08-27;NA12FK1;NA;98.9;99.97
2017-08-27;NA13FK3;NA;100.0;99.97
2017-08-27;NA15FK3;NA;100.0;99.97
2017-08-27;NA18FK1;NA;99.75;99.97
2017-08-27;NA19GJ2;NA;100.0;99.97
2017-08-27;NA21FK1;NA;89.05;99.97
2017-08-27;NA21FK3;NA;98.2;99.97
2017-08-27;NA23FK1;NA;97.02;99.97
2017-08-27;NA28FK3;NA;93.18;99.97
2017-08-27;NA34FK1;NA;94.1;99.97
2017-08-27;NA38FK3;NA;97.87;99.97
2017-08-27;NA39GK2;NA;100.0;99.97
2017-08-27;NA42FK2;NA;91.75;99.97
2017-08-27;NA49FK2;NA;100.0;99.97
2017-08-27;NA55FK1;NA;99.9;99.97
2017-08-27;NA55FK2;NA;97.05;99.97
2017-08-27;NA55FK3;NA;94.66;99.97
2017-08-27;NA60BM1;NA;100.0;99.97
2017-08-27;NA63FK1;NA;97.82;99.97
2017-08-27;NA68BJ1;NA;99.99;99.97
2017-08-27;SX02ZK2;SX;100.0;99.97
2017-08-27;SX10ZK1;SX;100.0;99.97
2017-08-27;SX12ZK1;SX;100.0;99.97
2017-08-27;SX15ZK2;SX;100.0;99.97
2017-08-27;SX15ZK3;SX;100.0;99.97
2017-08-27;SX24ZK3;SX;100.0;99.97
2017-08-27;SX47ZK3;SX;100.0;99.97
2017-08-27;SX56CK3;SX;100.0;99.97
2017-08-27;SX56ZK1;SX;100.0;99.97
2017-08-27;SX56ZK3;SX;100.0;99.97
2017-08-27;SX57ZK2;SX;100.0;99.97
2017-08-27;SX61ZK1;SX;100.0;99.97
2017-08-27;SX66AK1;SX;100.0;99.97
2017-08-27;SX72ZK1;SX;100.0;99.97
2017-08-27;SX73EK1;SX;100.0;99.97
2017-08-27;SX76LK2;SX;100.0;99.97
2017-08-27;SX83CJ3;SX;100.0;99.97
2017-08-27;SX84LK3;SX;100.0;99.97
2017-08-27;SX85ZK1;SX;100.0;99.97
2017-08-27;SX86AJ3;SX;99.96;99.97
2017-08-27;SX90ZK2;SX;100.0;99.97
2017-08-27;SX98ZK3;SX;100.0;99.97
2017-08-27;LO09RK3;LO;100.0;99.98
2017-08-27;LO13RK3;LO;99.75;99.98
2017-08-27;LO17RK1;LO;100.0;99.98
2017-08-27;LO28AJ2;LO;100.0;99.98
2017-08-27;LO31RK2;LO;97.47;99.98
2017-08-27;LO33AJ2;LO;100.0;99.98
2017-08-27;NA09FK3;NA;100.0;99.98
2017-08-27;NA12FK3;NA;100.0;99.98
2017-08-27;NA15GJ3;NA;99.98;99.98
2017-08-27;NA18FK3;NA;97.32;99.98
2017-08-27;NA21FL1;NA;99.33;99.98
2017-08-27;NA21FL2;NA;98.87;99.98
2017-08-27;NA23FK3;NA;97.24;99.98
2017-08-27;NA32FK2;NA;96.02;99.98
2017-08-27;NA43FK3;NA;87.54;99.98
2017-08-27;NA44FK1;NA;98.72;99.98
2017-08-27;NA44FK3;NA;88.08;99.98
2017-08-27;NA57FK1;NA;95.08;99.98
2017-08-27;NA58FK2;NA;99.5;99.98
2017-08-27;NA61FK1;NA;99.96;99.98
2017-08-27;NA63FK2;NA;99.34;99.98
2017-08-27;NA67CK1;NA;100.0;99.98
2017-08-27;SX03ZL3;SX;100.0;99.98
2017-08-27;SX07AK3;SX;100.0;99.98
2017-08-27;SX24ZK1;SX;100.0;99.98
2017-08-27;SX24ZK2;SX;100.0;99.98
2017-08-27;SX39ZK2;SX;100.0;99.98
2017-08-27;SX48ZK2;SX;100.0;99.98
2017-08-27;SX57ZL3;SX;100.0;99.98
2017-08-27;SX61CK1;SX;100.0;99.98
2017-08-27;SX66AK2;SX;100.0;99.98
2017-08-27;SX66AK3;SX;100.0;99.98
2017-08-27;SX68ZK3;SX;100.0;99.98
2017-08-27;SX72EJ1;SX;100.0;99.98
2017-08-27;SX74ZK1;SX;100.0;99.98
2017-08-27;SX75LJ2;SX;100.0;99.98
2017-08-27;NA39FK2;NA;100.0;99.99
2017-08-27;NA43FK1;NA;99.67;99.99
2017-08-27;NA49FK3;NA;97.86;99.99
2017-08-27;NA51FK2;NA;100.0;99.99
2017-08-27;SX04AK2;SX;100.0;99.99
2017-08-27;SX10ZK2;SX;100.0;99.99
2017-08-27;SX70AK1;SX;100.0;99.99
2017-08-27;SX73CK2;SX;100.0;99.99
2017-08-27;SX98ZK2;SX;100.0;99.99
2017-08-27;AV10SM1;AV;100.0;100.0
2017-08-27;BU02AJ1;BU;94.64;100.0
2017-08-27;BU02AJ3;BU;100.0;100.0
2017-08-27;BU10WK3;BU;100.0;100.0
2017-08-27;BU13AM2;BU;100.0;100.0
2017-08-27;BU13AM3;BU;100.0;100.0
2017-08-27;LE30RJ1;LE;100.0;100.0
2017-08-27;LE31RJ1;LE;100.0;100.0
2017-08-27;LE43SK1;LE;100.0;100.0
2017-08-27;LE43SK2;LE;100.0;100.0
2017-08-27;LE43SK3;LE;100.0;100.0
2017-08-27;LO01HJ1;LO;100.0;100.0
2017-08-27;LO02HK2;LO;100.0;100.0
2017-08-27;LO04EM1;LO;100.0;100.0
2017-08-27;LO04EM2;LO;100.0;100.0
2017-08-27;LO04EM3;LO;100.0;100.0
2017-08-27;LO05CJ1;LO;100.0;100.0
2017-08-27;LO05GM1;LO;100.0;100.0
2017-08-27;LO05GM3;LO;100.0;100.0
2017-08-27;LO06AJ2;LO;100.0;100.0
2017-08-27;LO06LJ1;LO;100.0;100.0
2017-08-27;LO06LJ2;LO;100.0;100.0
2017-08-27;LO06LJ3;LO;100.0;100.0
2017-08-27;LO08CM2;LO;100.0;100.0
2017-08-27;LO10DM1;LO;100.0;100.0
2017-08-27;LO10DM2;LO;100.0;100.0
2017-08-27;LO10DM3;LO;100.0;100.0
2017-08-27;LO10FJ2;LO;100.0;100.0
2017-08-27;LO10FM2;LO;100.0;100.0
2017-08-27;LO10FM3;LO;100.0;100.0
2017-08-27;LO11DM2;LO;100.0;100.0
2017-08-27;LO11DM3;LO;100.0;100.0
2017-08-27;LO12DM2;LO;100.0;100.0
2017-08-27;LO13AM2;LO;100.0;100.0
2017-08-27;LO13BM2;LO;98.68;100.0
2017-08-27;LO13FM2;LO;100.0;100.0
2017-08-27;LO13FM3;LO;100.0;100.0
2017-08-27;LO14AJ2;LO;100.0;100.0
2017-08-27;LO14AM1;LO;100.0;100.0
2017-08-27;LO14AM2;LO;100.0;100.0
2017-08-27;LO14AM3;LO;100.0;100.0
2017-08-27;LO17BM1;LO;100.0;100.0
2017-08-27;LO17BM2;LO;100.0;100.0
2017-08-27;LO18RK2;LO;82.05;100.0
2017-08-27;LO19BJ3;LO;100.0;100.0
2017-08-27;LO19RJ1;LO;100.0;100.0
2017-08-27;LO19RK1;LO;100.0;100.0
2017-08-27;LO22RJ1;LO;100.0;100.0
2017-08-27;LO28AK1;LO;100.0;100.0
2017-08-27;LO28AK2;LO;100.0;100.0
2017-08-27;LO28RK1;LO;99.64;100.0
2017-08-27;LO29AJ3;LO;100.0;100.0
2017-08-27;LO38RK2;LO;99.61;100.0
2017-08-27;LO41RK1;LO;100.0;100.0
2017-08-27;NA01FK1;NA;100.0;100.0
2017-08-27;NA01FK2;NA;100.0;100.0
2017-08-27;NA01FK3;NA;100.0;100.0
2017-08-27;NA02CM1;NA;100.0;100.0
2017-08-27;NA02FK1;NA;100.0;100.0
2017-08-27;NA02FK2;NA;100.0;100.0
2017-08-27;NA02FK3;NA;98.89;100.0
2017-08-27;NA04AM2;NA;100.0;100.0
2017-08-27;NA05BK1;NA;100.0;100.0
2017-08-27;NA06FK1;NA;99.95;100.0
2017-08-27;NA07GK1;NA;100.0;100.0
2017-08-27;NA10GJ3;NA;100.0;100.0
2017-08-27;NA12FK2;NA;100.0;100.0
2017-08-27;NA13GJ3;NA;100.0;100.0
2017-08-27;NA14FK2;NA;98.18;100.0
2017-08-27;NA14GJ3;NA;100.0;100.0
2017-08-27;NA15GJ1;NA;100.0;100.0
2017-08-27;NA16CM2;NA;100.0;100.0
2017-08-27;NA18EJ1;NA;100.0;100.0
2017-08-27;NA18FK2;NA;99.91;100.0
2017-08-27;NA19EJ2;NA;100.0;100.0
2017-08-27;NA21GK1;NA;100.0;100.0
2017-08-27;NA23CM3;NA;100.0;100.0
2017-08-27;NA25CM1;NA;100.0;100.0
2017-08-27;NA27CM1;NA;100.0;100.0
2017-08-27;NA27CM2;NA;100.0;100.0
2017-08-27;NA28CM3;NA;100.0;100.0
2017-08-27;NA29CM2;NA;100.0;100.0
2017-08-27;NA30GJ2;NA;100.0;100.0
2017-08-27;NA31CM1;NA;100.0;100.0
2017-08-27;NA32CM3;NA;100.0;100.0
2017-08-27;NA35FK1;NA;100.0;100.0
2017-08-27;NA35FK2;NA;100.0;100.0
2017-08-27;NA36CM1;NA;100.0;100.0
2017-08-27;NA36CM3;NA;100.0;100.0
2017-08-27;NA36EM1;NA;100.0;100.0
2017-08-27;NA36EM2;NA;100.0;100.0
2017-08-27;NA36FK1;NA;96.53;100.0
2017-08-27;NA36GK2;NA;100.0;100.0
2017-08-27;NA37CM1;NA;100.0;100.0
2017-08-27;NA37CM2;NA;100.0;100.0
2017-08-27;NA38AJ1;NA;100.0;100.0
2017-08-27;NA38EJ3;NA;100.0;100.0
2017-08-27;NA38EM2;NA;99.38;100.0
2017-08-27;NA38EM3;NA;100.0;100.0
2017-08-27;NA39AM1;NA;100.0;100.0
2017-08-27;NA39AM2;NA;100.0;100.0
2017-08-27;NA39AM3;NA;100.0;100.0
2017-08-27;NA39GJ2;NA;100.0;100.0
2017-08-27;NA40AM1;NA;100.0;100.0
2017-08-27;NA40CM1;NA;100.0;100.0
2017-08-27;NA41AM2;NA;100.0;100.0
2017-08-27;NA41AM3;NA;100.0;100.0
2017-08-27;NA41CM3;NA;100.0;100.0
2017-08-27;NA42AJ1;NA;100.0;100.0
2017-08-27;NA42AM1;NA;100.0;100.0
2017-08-27;NA42AM2;NA;100.0;100.0
2017-08-27;NA43BM1;NA;100.0;100.0
2017-08-27;NA43BM2;NA;100.0;100.0
2017-08-27;NA43BM3;NA;100.0;100.0
2017-08-27;NA43CJ1;NA;100.0;100.0
2017-08-27;NA43CM2;NA;100.0;100.0
2017-08-27;NA43FK2;NA;100.0;100.0
2017-08-27;NA44AM1;NA;100.0;100.0
2017-08-27;NA44AM3;NA;100.0;100.0
2017-08-27;NA45AK1;NA;100.0;100.0
2017-08-27;NA45AK2;NA;100.0;100.0
2017-08-27;NA45CM2;NA;100.0;100.0
2017-08-27;NA46AM2;NA;100.0;100.0
2017-08-27;NA46AM3;NA;100.0;100.0
2017-08-27;NA46CM2;NA;100.0;100.0
2017-08-27;NA47BK1;NA;100.0;100.0
2017-08-27;NA48AM2;NA;100.0;100.0
2017-08-27;NA48AM3;NA;100.0;100.0
2017-08-27;NA48AM4;NA;100.0;100.0
2017-08-27;NA49FK1;NA;99.79;100.0
2017-08-27;NA51BM2;NA;100.0;100.0
2017-08-27;NA52BM1;NA;100.0;100.0
2017-08-27;NA52BM2;NA;100.0;100.0
2017-08-27;NA52BM3;NA;100.0;100.0
2017-08-27;NA53BM2;NA;100.0;100.0
2017-08-27;NA54CM1;NA;100.0;100.0
2017-08-27;NA56FK1;NA;100.0;100.0
2017-08-27;NA57BM1;NA;100.0;100.0
2017-08-27;NA57CM2;NA;100.0;100.0
2017-08-27;NA57FK2;NA;100.0;100.0
2017-08-27;NA57FK3;NA;100.0;100.0
2017-08-27;NA58AJ3;NA;100.0;100.0
2017-08-27;NA58AM1;NA;100.0;100.0
2017-08-27;NA58AM3;NA;100.0;100.0
2017-08-27;NA63BJ1;NA;100.0;100.0
2017-08-27;NA63BJ3;NA;100.0;100.0
2017-08-27;NA63BK3;NA;100.0;100.0
2017-08-27;NA64FK1;NA;99.42;100.0
2017-08-27;NA64FK2;NA;100.0;100.0
2017-08-27;NA65AM3;NA;100.0;100.0
2017-08-27;NA65BK3;NA;100.0;100.0
2017-08-27;NA66BM1;NA;100.0;100.0
2017-08-27;NA66BM2;NA;100.0;100.0
2017-08-27;NA66BM3;NA;100.0;100.0
2017-08-27;NA70CL1;NA;97.08;100.0
2017-08-27;NA70CL2;NA;100.0;100.0
2017-08-27;NA70CL3;NA;100.0;100.0
2017-08-27;NA71BJ1;NA;100.0;100.0
2017-08-27;PX19SM1;PX;100.0;100.0
2017-08-27;PX19SM2;PX;100.0;100.0
2017-08-27;PX49VJ2;PX;100.0;100.0
2017-08-27;SO14SJ1;SO;100.0;100.0
2017-08-27;SO14SJ3;SO;100.0;100.0
2017-08-27;SO14SK3;SO;100.0;100.0
2017-08-27;SO20OJ3;SO;97.64;100.0
2017-08-27;SO20SJ2;SO;100.0;100.0
2017-08-27;SX05ZL2;SX;100.0;100.0
2017-08-27;SX06ZJ3;SX;100.0;100.0
2017-08-27;SX07EM1;SX;100.0;100.0
2017-08-27;SX08EK1;SX;100.0;100.0
2017-08-27;SX10CM2;SX;100.0;100.0
2017-08-27;SX10CM3;SX;100.0;100.0
2017-08-27;SX14LM1;SX;100.0;100.0
2017-08-27;SX14LM2;SX;100.0;100.0
2017-08-27;SX14LM3;SX;100.0;100.0
2017-08-27;SX16CM1;SX;100.0;100.0
2017-08-27;SX16CM2;SX;100.0;100.0
2017-08-27;SX21EJ3;SX;99.26;100.0
2017-08-27;SX22CM1;SX;100.0;100.0
2017-08-27;SX23CJ2;SX;99.88;100.0
2017-08-27;SX23CM1;SX;100.0;100.0
2017-08-27;SX23CM2;SX;100.0;100.0
2017-08-27;SX23CM3;SX;100.0;100.0
2017-08-27;SX24LK2;SX;100.0;100.0
2017-08-27;SX24LK3;SX;100.0;100.0
2017-08-27;SX27CM1;SX;100.0;100.0
2017-08-27;SX27CM2;SX;100.0;100.0
2017-08-27;SX27CM3;SX;100.0;100.0
2017-08-27;SX38LJ2;SX;100.0;100.0
2017-08-27;SX41EJ2;SX;99.86;100.0
2017-08-27;SX42CK3;SX;100.0;100.0
2017-08-27;SX45LM1;SX;100.0;100.0
2017-08-27;SX45LM2;SX;100.0;100.0
2017-08-27;SX48ZL1;SX;100.0;100.0
2017-08-27;SX51LM2;SX;100.0;100.0
2017-08-27;SX51ZJ1;SX;100.0;100.0
2017-08-27;SX52EM1;SX;100.0;100.0
2017-08-27;SX56ZK2;SX;100.0;100.0
2017-08-27;SX57LM1;SX;100.0;100.0
2017-08-27;SX57LM2;SX;100.0;100.0
2017-08-27;SX57LM3;SX;100.0;100.0
2017-08-27;SX57ZJ1;SX;100.0;100.0
2017-08-27;SX57ZJ3;SX;100.0;100.0
2017-08-27;SX57ZL1;SX;100.0;100.0
2017-08-27;SX63ZL1;SX;100.0;100.0
2017-08-27;SX65ZJ2;SX;99.87;100.0
2017-08-27;SX72EJ2;SX;99.35;100.0
2017-08-27;SX76CK2;SX;100.0;100.0
2017-08-27;SX77EM1;SX;100.0;100.0
2017-08-27;SX77EM2;SX;100.0;100.0
2017-08-27;SX79LJ3;SX;99.82;100.0
2017-08-27;SX85ZK2;SX;100.0;100.0
2017-08-27;ZA14SM2;ZA;100.0;100.0
2017-08-27;ZA18SM2;ZA;76.19;100.0
2017-08-27;ZA18SM3;ZA;100.0;100.0
