FECHA;PROV;CELDA;4G_ERI_IntraFreq_Prep_HO_Succ_Rate;4G_ERI_IntraFreq_Exec_HO_Succ_Rate
2017-08-27;AV32WJ3;AV;100.0;19.48
2017-08-27;SG17WM2;SG;81.82;20.0
2017-08-27;SG02PL2;SG;100.0;21.17
2017-08-27;AV29WJ2;AV;100.0;28.03
2017-08-27;AV04WJ1;AV;94.3;33.7
2017-08-27;SA32WJ2;SA;99.62;34.38
2017-08-27;ZA23RJ2;ZA;100.0;37.23
2017-08-27;SG16WM2;SG;100.0;37.5
2017-08-27;LE95WJ1;LE;99.05;44.2
2017-08-27;LE76WJ3;LE;100.0;47.69
2017-08-27;SX83WJ2;SX;100.0;49.3
2017-08-27;SG19WJ2;SG;89.29;51.37
2017-08-27;AV25WJ2;AV;81.96;54.33
2017-08-27;VA57WJ2;VA;85.4;55.87
2017-08-27;SA69WJ2;SA;100.0;59.2
2017-08-27;BU27WJ1;BU;100.0;60.47
2017-08-27;SO23WJ2;SO;100.0;61.63
2017-08-27;SG12WJ3;SG;66.9;66.15
2017-08-27;ZA71WJ2;ZA;100.0;67.82
2017-08-27;SX29WJ2;SX;100.0;69.21
2017-08-27;VA59WJ2;VA;90.77;69.54
2017-08-27;PX07IJ1;PX;100.0;70.09
2017-08-27;LE97WJ2;LE;99.92;70.62
2017-08-27;SO04WJ1;SO;99.72;71.17
2017-08-27;SO26WK1;SO;100.0;71.43
2017-08-27;VA56WJ2;VA;99.64;72.1
2017-08-27;SA11PJ3;SA;100.0;72.69
2017-08-27;SG40WM2;SG;16.3;72.73
2017-08-27;SO15OJ3;SO;100.0;72.81
2017-08-27;SO09SK1;SO;100.0;72.86
2017-08-27;SG41WJ1;SG;92.64;73.06
2017-08-27;SA69WJ1;SA;100.0;73.59
2017-08-27;SG06RJ2;SG;99.41;74.15
2017-08-27;LE57IJ3;LE;99.72;74.21
2017-08-27;LE45WJ3;LE;100.0;74.39
2017-08-27;BU18WJ1;BU;100.0;74.56
2017-08-27;VA27WJ2;VA;99.94;75.11
2017-08-27;AV33WJ2;AV;100.0;75.21
2017-08-27;SA39WJ3;SA;100.0;75.9
2017-08-27;SA24WJ3;SA;99.98;76.18
2017-08-27;AV38WJ2;AV;96.73;76.24
2017-08-27;SA35WJ3;SA;94.1;76.44
2017-08-27;LE08RJ3;LE;99.96;76.58
2017-08-27;SA39WJ2;SA;100.0;76.65
2017-08-27;SG42WJ1;SG;96.16;76.86
2017-08-27;SA10WJ1;SA;100.0;77.24
2017-08-27;ZA02RJ3;ZA;99.95;77.64
2017-08-27;LE16WJ1;LE;89.0;77.82
2017-08-27;VA46WJ3;VA;90.8;78.55
2017-08-27;LE95IJ1;LE;100.0;78.78
2017-08-27;LE54IJ1;LE;100.0;78.9
2017-08-27;LE15WJ3;LE;100.0;78.92
2017-08-27;PX18IJ1;PX;100.0;79.15
2017-08-27;VA46WJ1;VA;85.92;79.44
2017-08-27;SA61WJ1;SA;100.0;79.89
2017-08-27;SA47WJ1;SA;100.0;80.19
2017-08-27;PX10IJ1;PX;56.39;80.33
2017-08-27;SX34WJ2;SX;100.0;80.67
2017-08-27;BU27WK3;BU;100.0;81.13
2017-08-27;LE92WJ3;LE;74.47;81.3
2017-08-27;SO30WJ1;SO;100.0;81.4
2017-08-27;VA45WJ1;VA;100.0;81.5
2017-08-27;LE05RK2;LE;95.47;81.65
2017-08-27;PX07IJ3;PX;100.0;81.95
2017-08-27;SX92WJ2;SX;100.0;81.97
2017-08-27;PX43IJ2;PX;100.0;82.22
2017-08-27;SA03PK1;SA;99.77;82.34
2017-08-27;SG22WM2;SG;100.0;82.5
2017-08-27;LE89IJ2;LE;99.98;82.83
2017-08-27;VA41WJ1;VA;99.66;82.91
2017-08-27;SG41WK1;SG;88.48;82.98
2017-08-27;SG41WK2;SG;96.23;83.04
2017-08-27;SA28WJ1;SA;100.0;83.26
2017-08-27;SG01RK2;SG;100.0;83.33
2017-08-27;SG42WJ3;SG;53.27;83.56
2017-08-27;SG01RK1;SG;100.0;83.72
2017-08-27;LE20RJ1;LE;99.91;83.73
2017-08-27;AV34WJ1;AV;99.62;83.76
2017-08-27;LE77WJ3;LE;100.0;83.76
2017-08-27;ZA53WJ1;ZA;100.0;83.79
2017-08-27;SG23WJ1;SG;98.55;83.86
2017-08-27;SG40WJ1;SG;99.66;83.95
2017-08-27;LE83WJ3;LE;100.0;84.24
2017-08-27;PX02IJ3;PX;100.0;84.31
2017-08-27;SG15WM1;SG;73.68;84.62
2017-08-27;VA53WJ2;VA;100.0;84.73
2017-08-27;BU55WJ3;BU;99.03;84.76
2017-08-27;LE25IJ2;LE;99.88;84.95
2017-08-27;SO08WJ1;SO;100.0;85.06
2017-08-27;SG05PJ3;SG;49.73;85.2
2017-08-27;PX30IJ3;PX;99.92;85.28
2017-08-27;SA41WJ2;SA;100.0;85.29
2017-08-27;SA18PJ2;SA;99.83;85.6
2017-08-27;AV17PK1;AV;100.0;85.68
2017-08-27;PX43IJ1;PX;100.0;85.68
2017-08-27;SX09WJ2;SX;100.0;85.71
2017-08-27;ZA70WJ1;ZA;100.0;85.71
2017-08-27;SG04WJ1;SG;59.09;85.96
2017-08-27;VA36WJ2;VA;97.47;86.01
2017-08-27;SG43WM3;SG;99.58;86.05
2017-08-27;SO23WJ3;SO;100.0;86.1
2017-08-27;BU56WJ2;BU;100.0;86.16
2017-08-27;SA35WJ2;SA;99.21;86.35
2017-08-27;LE76WJ1;LE;100.0;86.38
2017-08-27;LE57WJ2;LE;99.56;86.52
2017-08-27;SO26WJ1;SO;100.0;86.57
2017-08-27;SG39WJ1;SG;99.72;86.69
2017-08-27;AV17WJ2;AV;91.47;86.74
2017-08-27;PX18IJ3;PX;100.0;86.79
2017-08-27;ZA43WJ1;ZA;100.0;86.88
2017-08-27;SG39WJ3;SG;99.16;86.89
2017-08-27;VA03WJ3;VA;65.7;86.98
2017-08-27;AV27WJ3;AV;99.03;87.05
2017-08-27;SG03RJ2;SG;99.61;87.07
2017-08-27;BU07KJ1;BU;99.47;87.16
2017-08-27;SA21WJ1;SA;100.0;87.18
2017-08-27;SO23WJ1;SO;100.0;87.22
2017-08-27;VA12WJ2;VA;100.0;87.25
2017-08-27;AV28WJ2;AV;100.0;87.28
2017-08-27;SA27WJ1;SA;100.0;87.3
2017-08-27;SA67WJ2;SA;99.76;87.38
2017-08-27;AV11WJ2;AV;8.94;87.6
2017-08-27;SG04WJ2;SG;99.92;87.73
2017-08-27;LE18WJ3;LE;99.97;87.81
2017-08-27;SA40WJ1;SA;90.98;87.88
2017-08-27;LE26IJ2;LE;100.0;87.99
2017-08-27;SO22WK2;SO;98.74;88.05
2017-08-27;LE81WJ1;LE;14.26;88.08
2017-08-27;SO31WJ1;SO;100.0;88.21
2017-08-27;VA51WM1;VA;100.0;88.24
2017-08-27;SA35WJ1;SA;85.95;88.26
2017-08-27;AV07RJ2;AV;99.55;88.33
2017-08-27;PX49IJ2;PX;100.0;88.34
2017-08-27;AV09WJ2;AV;77.38;88.37
2017-08-27;LE75WJ2;LE;100.0;88.42
2017-08-27;LE75WJ1;LE;100.0;88.59
2017-08-27;SG40WJ3;SG;73.41;88.6
2017-08-27;VA02RJ2;VA;79.34;88.6
2017-08-27;SG20WK1;SG;97.59;88.61
2017-08-27;PX32IJ2;PX;82.44;88.65
2017-08-27;VA25WJ2;VA;97.54;88.68
2017-08-27;VA56WJ1;VA;99.82;88.73
2017-08-27;SA04WJ2;SA;100.0;88.74
2017-08-27;BU07KJ2;BU;99.87;88.78
2017-08-27;AV25WJ1;AV;95.06;88.82
2017-08-27;SA27WJ3;SA;100.0;88.87
2017-08-27;AV29WM2;AV;100.0;88.89
2017-08-27;AV04PL3;AV;100.0;88.92
2017-08-27;SO26WJ3;SO;100.0;88.93
2017-08-27;PX21RJ2;PX;100.0;88.97
2017-08-27;SO12PK2;SO;100.0;89.02
2017-08-27;SA19WJ2;SA;99.52;89.03
2017-08-27;SA16WJ2;SA;100.0;89.09
2017-08-27;LE72WJ2;LE;100.0;89.13
2017-08-27;LE16WJ2;LE;78.06;89.17
2017-08-27;LE97WJ1;LE;100.0;89.26
2017-08-27;AV28WJ3;AV;99.94;89.36
2017-08-27;LE45WJ2;LE;100.0;89.39
2017-08-27;AV07RJ1;AV;100.0;89.4
2017-08-27;VA14WJ1;VA;100.0;89.43
2017-08-27;AV38WJ3;AV;99.75;89.47
2017-08-27;SG40WJ2;SG;87.53;89.47
2017-08-27;VA57WJ1;VA;59.93;89.61
2017-08-27;LE20WJ2;LE;99.94;89.66
2017-08-27;BU18WJ2;BU;99.39;89.68
2017-08-27;LE26IJ3;LE;100.0;89.72
2017-08-27;AV21WK2;AV;95.54;89.74
2017-08-27;ZA83WJ1;ZA;98.71;89.84
2017-08-27;AV25PJ2;AV;99.67;89.86
2017-08-27;SG03WJ2;SG;100.0;90.0
2017-08-27;SG29WM2;SG;23.26;90.0
2017-08-27;SO07WK3;SO;100.0;90.03
2017-08-27;SA04PK1;SA;99.96;90.19
2017-08-27;AV22WJ2;AV;99.97;90.29
2017-08-27;SA03PJ2;SA;99.62;90.3
2017-08-27;SA14WJ1;SA;100.0;90.4
2017-08-27;AV05RJ2;AV;99.71;90.45
2017-08-27;SG16WM1;SG;100.0;90.48
2017-08-27;LE19WJ2;LE;99.99;90.49
2017-08-27;LE61WJ1;LE;100.0;90.56
2017-08-27;SG41WJ3;SG;99.72;90.7
2017-08-27;SG12WJ2;SG;89.81;90.73
2017-08-27;AV33RJ1;AV;95.84;90.82
2017-08-27;SA25PK1;SA;100.0;90.88
2017-08-27;AV09WJ1;AV;65.24;90.94
2017-08-27;BU49OJ3;BU;100.0;90.95
2017-08-27;PX06IJ2;PX;99.98;90.96
2017-08-27;ZA80WJ1;ZA;100.0;90.98
2017-08-27;BU41WJ1;BU;100.0;91.16
2017-08-27;AV33WJ1;AV;100.0;91.19
2017-08-27;LE21IJ3;LE;100.0;91.24
2017-08-27;SA36WJ1;SA;100.0;91.25
2017-08-27;LE41WJ1;LE;100.0;91.33
2017-08-27;ZA02RJ2;ZA;100.0;91.33
2017-08-27;LE64WJ1;LE;100.0;91.44
2017-08-27;AV06RJ2;AV;99.61;91.45
2017-08-27;VA53WJ3;VA;100.0;91.48
2017-08-27;LE33PJ1;LE;100.0;91.52
2017-08-27;BU27WJ3;BU;95.07;91.58
2017-08-27;AV28WJ1;AV;100.0;91.6
2017-08-27;BU18WM2;BU;100.0;91.67
2017-08-27;SA10PK1;SA;99.99;91.69
2017-08-27;SA43WJ1;SA;100.0;91.69
2017-08-27;LE06IJ1;LE;93.86;91.73
2017-08-27;SG33WJ2;SG;99.56;91.73
2017-08-27;SG44WJ1;SG;45.73;91.73
2017-08-27;ZA31WJ1;ZA;100.0;91.81
2017-08-27;PX49IJ1;PX;99.63;91.83
2017-08-27;SO13WJ1;SO;100.0;91.91
2017-08-27;SA47WJ3;SA;100.0;91.94
2017-08-27;LE30WJ1;LE;100.0;91.98
2017-08-27;SO22WK1;SO;99.05;91.99
2017-08-27;SG09WJ1;SG;99.14;92.02
2017-08-27;SA36WJ3;SA;100.0;92.06
2017-08-27;SG33WM3;SG;100.0;92.08
2017-08-27;BU27WJ2;BU;78.87;92.11
2017-08-27;AV37WJ2;AV;99.82;92.19
2017-08-27;BU17RJ1;BU;94.29;92.27
2017-08-27;ZA02RJ1;ZA;100.0;92.27
2017-08-27;SO30WK1;SO;88.14;92.31
2017-08-27;LE95WJ2;LE;63.83;92.32
2017-08-27;LE19IJ2;LE;99.63;92.38
2017-08-27;SG33WJ3;SG;99.9;92.39
2017-08-27;ZA32WJ1;ZA;99.8;92.4
2017-08-27;LE95WJ3;LE;100.0;92.43
2017-08-27;LE04IJ2;LE;99.96;92.44
2017-08-27;LE20RJ2;LE;99.36;92.48
2017-08-27;SG44WJ2;SG;93.7;92.5
2017-08-27;ZA43WJ3;ZA;100.0;92.5
2017-08-27;SG03PK1;SG;3.38;92.56
2017-08-27;SG24PK1;SG;92.9;92.56
2017-08-27;AV07RJ3;AV;99.92;92.58
2017-08-27;SG24WJ2;SG;97.98;92.58
2017-08-27;SX53WJ1;SX;100.0;92.6
2017-08-27;AV11WJ3;AV;93.18;92.61
2017-08-27;SG35WM3;SG;91.79;92.66
2017-08-27;LE12IJ3;LE;99.8;92.74
2017-08-27;LE19WJ1;LE;100.0;92.75
2017-08-27;SO15OJ2;SO;100.0;92.79
2017-08-27;PX02IJ2;PX;100.0;92.83
2017-08-27;SG27WJ1;SG;100.0;92.84
2017-08-27;AV27WM3;AV;100.0;92.86
2017-08-27;SA61WJ2;SA;82.21;92.86
2017-08-27;AV34WJ3;AV;99.93;92.91
2017-08-27;AV20WM1;AV;100.0;92.98
2017-08-27;VA02RJ1;VA;100.0;93.05
2017-08-27;VA65WM2;VA;100.0;93.1
2017-08-27;SA16WJ1;SA;100.0;93.19
2017-08-27;SA21PJ2;SA;99.47;93.2
2017-08-27;SO02PJ3;SO;83.35;93.2
2017-08-27;LE56WJ1;LE;96.8;93.23
2017-08-27;SO12PJ2;SO;100.0;93.26
2017-08-27;VA51WJ1;VA;99.85;93.27
2017-08-27;ZA71WJ1;ZA;100.0;93.28
2017-08-27;AV36WJ2;AV;94.06;93.3
2017-08-27;ZA80WJ2;ZA;99.72;93.33
2017-08-27;ZA04WJ3;ZA;100.0;93.34
2017-08-27;SX14WJ2;SX;100.0;93.37
2017-08-27;LE07KJ1;LE;99.86;93.43
2017-08-27;PX07IJ4;PX;100.0;93.48
2017-08-27;SG01RK3;SG;98.92;93.48
2017-08-27;VA07RJ1;VA;100.0;93.48
2017-08-27;SA11WJ2;SA;100.0;93.49
2017-08-27;SG12WJ1;SG;95.49;93.49
2017-08-27;SA24PK1;SA;100.0;93.52
2017-08-27;VA67WJ1;VA;70.8;93.58
2017-08-27;PX10IJ3;PX;65.85;93.6
2017-08-27;LE77WJ2;LE;100.0;93.62
2017-08-27;SG17WJ3;SG;89.86;93.62
2017-08-27;PX06IJ1;PX;100.0;93.69
2017-08-27;PX07IJ2;PX;100.0;93.69
2017-08-27;SG38WJ2;SG;57.76;93.7
2017-08-27;VA17GJ2;VA;100.0;93.71
2017-08-27;SA34WJ2;SA;91.82;93.74
2017-08-27;SG38WJ3;SG;85.85;93.74
2017-08-27;AV34WJ2;AV;100.0;93.75
2017-08-27;SA03PM3;SA;100.0;93.75
2017-08-27;VA15WM1;VA;100.0;93.75
2017-08-27;VA11GJ3;VA;100.0;93.76
2017-08-27;VA14WJ3;VA;100.0;93.76
2017-08-27;ZA16PJ1;ZA;100.0;93.76
2017-08-27;SA41WJ3;SA;100.0;93.77
2017-08-27;SG23WJ2;SG;98.3;93.78
2017-08-27;SX40WJ2;SX;100.0;93.78
2017-08-27;AV11WJ1;AV;99.72;93.8
2017-08-27;SO12PK1;SO;100.0;93.87
2017-08-27;SG05RJ1;SG;92.46;93.89
2017-08-27;SA10PK2;SA;100.0;93.9
2017-08-27;VA59WJ1;VA;100.0;93.93
2017-08-27;SO15PJ2;SO;100.0;93.94
2017-08-27;AV17RK3;AV;100.0;93.98
2017-08-27;SA45WJ3;SA;100.0;93.99
2017-08-27;PX05IJ3;PX;100.0;94.0
2017-08-27;SG25PJ2;SG;64.81;94.0
2017-08-27;VA53WJ1;VA;100.0;94.0
2017-08-27;SA19PK1;SA;99.84;94.03
2017-08-27;BU03WJ1;BU;100.0;94.04
2017-08-27;SA23WJ1;SA;100.0;94.04
2017-08-27;SG03WJ1;SG;99.65;94.06
2017-08-27;VA25WJ1;VA;99.87;94.07
2017-08-27;SX20IJ1;SX;100.0;94.09
2017-08-27;AV25PJ1;AV;99.42;94.1
2017-08-27;AV26WJ2;AV;97.57;94.11
2017-08-27;SA38WJ1;SA;100.0;94.11
2017-08-27;LE57WJ1;LE;98.69;94.12
2017-08-27;SA67WJ3;SA;100.0;94.15
2017-08-27;VA02GJ2;VA;100.0;94.16
2017-08-27;SX23IJ3;SX;100.0;94.17
2017-08-27;PX32IJ3;PX;100.0;94.23
2017-08-27;LE96WJ1;LE;100.0;94.24
2017-08-27;BU03GJ3;BU;100.0;94.29
2017-08-27;AV33RJ2;AV;99.17;94.33
2017-08-27;LE40PK3;LE;100.0;94.37
2017-08-27;LE98IJ3;LE;99.03;94.39
2017-08-27;SG22WJ2;SG;87.75;94.4
2017-08-27;SO10PJ2;SO;100.0;94.41
2017-08-27;PX98IJ2;PX;100.0;94.43
2017-08-27;AV33WM1;AV;100.0;94.44
2017-08-27;ZA51WJ2;ZA;100.0;94.44
2017-08-27;PX02RK1;PX;100.0;94.47
2017-08-27;SA02PJ2;SA;100.0;94.48
2017-08-27;LE64WJ3;LE;100.0;94.49
2017-08-27;VA65WM1;VA;100.0;94.49
2017-08-27;LE62WJ2;LE;100.0;94.52
2017-08-27;LE88WJ1;LE;100.0;94.52
2017-08-27;SO09SK2;SO;100.0;94.52
2017-08-27;LE04KJ2;LE;94.13;94.53
2017-08-27;SA02PJ1;SA;100.0;94.55
2017-08-27;LE19WJ3;LE;100.0;94.56
2017-08-27;SX25WJ3;SX;100.0;94.56
2017-08-27;AV26WJ1;AV;99.66;94.59
2017-08-27;LE03RK3;LE;99.89;94.6
2017-08-27;SG44WJ3;SG;91.95;94.62
2017-08-27;SX85WJ1;SX;100.0;94.62
2017-08-27;SA08PK2;SA;99.95;94.65
2017-08-27;SA11WJ1;SA;99.6;94.67
2017-08-27;AV28WM1;AV;100.0;94.69
2017-08-27;SA17PK1;SA;99.83;94.69
2017-08-27;AV25PJ3;AV;100.0;94.74
2017-08-27;SG27WM2;SG;100.0;94.74
2017-08-27;LE10IJ1;LE;100.0;94.75
2017-08-27;SA67WJ1;SA;100.0;94.75
2017-08-27;SX32WJ2;SX;100.0;94.77
2017-08-27;VA25WK2;VA;96.51;94.77
2017-08-27;ZA24WJ2;ZA;31.71;94.77
2017-08-27;SA18PK2;SA;99.93;94.8
2017-08-27;AV39WJ2;AV;96.95;94.88
2017-08-27;VA34WK3;VA;87.82;94.89
2017-08-27;SA42WJ2;SA;100.0;94.91
2017-08-27;VA39WJ3;VA;99.38;94.91
2017-08-27;SX64WJ2;SX;100.0;94.92
2017-08-27;VA99GJ3;VA;100.0;94.92
2017-08-27;BU49WJ1;BU;100.0;94.95
2017-08-27;LE03PJ2;LE;99.98;94.97
2017-08-27;BU10GJ2;BU;100.0;94.98
2017-08-27;SG27WJ3;SG;99.69;94.99
2017-08-27;PX10IJ2;PX;97.49;95.01
2017-08-27;VA07GJ3;VA;100.0;95.01
2017-08-27;BU01GJ2;BU;100.0;95.03
2017-08-27;VA16WK2;VA;100.0;95.05
2017-08-27;VA41GK2;VA;100.0;95.05
2017-08-27;AV38WJ1;AV;99.76;95.06
2017-08-27;VA23GJ2;VA;100.0;95.06
2017-08-27;BU01GJ3;BU;100.0;95.07
2017-08-27;SG31WK3;SG;100.0;95.09
2017-08-27;SX20WJ3;SX;100.0;95.12
2017-08-27;LE40PK2;LE;100.0;95.13
2017-08-27;AV01WJ3;AV;99.88;95.14
2017-08-27;PX40IJ2;PX;100.0;95.14
2017-08-27;LE97WJ3;LE;100.0;95.16
2017-08-27;LE21IJ1;LE;100.0;95.17
2017-08-27;SO10PJ1;SO;96.3;95.17
2017-08-27;SA07PJ2;SA;99.92;95.18
2017-08-27;VA48WJ1;VA;97.42;95.2
2017-08-27;AV25WM3;AV;100.0;95.24
2017-08-27;SG24WJ1;SG;90.05;95.24
2017-08-27;VA05WJ2;VA;100.0;95.24
2017-08-27;SG02PJ1;SG;61.09;95.26
2017-08-27;AV17WJ1;AV;96.89;95.27
2017-08-27;SG42WJ2;SG;13.85;95.28
2017-08-27;LE09PJ2;LE;100.0;95.29
2017-08-27;SG31WK2;SG;100.0;95.29
2017-08-27;PX16IJ3;PX;84.91;95.31
2017-08-27;VA29WK3;VA;99.66;95.31
2017-08-27;LE40PJ2;LE;100.0;95.33
2017-08-27;SA18PK3;SA;100.0;95.33
2017-08-27;LE92WJ1;LE;100.0;95.35
2017-08-27;LE15KJ3;LE;94.25;95.37
2017-08-27;SA20PK3;SA;100.0;95.38
2017-08-27;VA27WM2;VA;100.0;95.38
2017-08-27;ZA23RJ1;ZA;100.0;95.38
2017-08-27;SA31WJ2;SA;100.0;95.4
2017-08-27;SX06WJ2;SX;100.0;95.42
2017-08-27;AV22WJ3;AV;99.9;95.43
2017-08-27;LE24IJ3;LE;99.57;95.43
2017-08-27;SA02WJ2;SA;99.97;95.44
2017-08-27;BU36WJ1;BU;100.0;95.45
2017-08-27;BU49WM3;BU;100.0;95.45
2017-08-27;LE61WJ2;LE;99.32;95.45
2017-08-27;SX10IJ2;SX;100.0;95.45
2017-08-27;SX35WJ3;SX;100.0;95.49
2017-08-27;SO30WJ2;SO;82.45;95.5
2017-08-27;SX34WJ1;SX;100.0;95.5
2017-08-27;LE04RK2;LE;100.0;95.51
2017-08-27;LE31WJ2;LE;99.96;95.52
2017-08-27;SG41WJ2;SG;72.42;95.52
2017-08-27;SX13IJ2;SX;100.0;95.53
2017-08-27;SX18IJ1;SX;100.0;95.54
2017-08-27;SO28WJ1;SO;100.0;95.57
2017-08-27;LE08RJ1;LE;99.96;95.58
2017-08-27;LE26IJ1;LE;100.0;95.58
2017-08-27;SX23WJ3;SX;100.0;95.58
2017-08-27;SA09PK1;SA;100.0;95.59
2017-08-27;LE80WJ2;LE;96.96;95.61
2017-08-27;VA66GJ2;VA;100.0;95.61
2017-08-27;AV16WJ3;AV;3.78;95.62
2017-08-27;BU24GJ3;BU;100.0;95.62
2017-08-27;LE05KJ1;LE;99.19;95.62
2017-08-27;SX58WJ2;SX;100.0;95.62
2017-08-27;LE12IJ1;LE;100.0;95.63
2017-08-27;SG02PJ3;SG;65.23;95.64
2017-08-27;PX03IJ2;PX;100.0;95.65
2017-08-27;SA17PJ1;SA;99.91;95.65
2017-08-27;SX37WJ2;SX;100.0;95.66
2017-08-27;ZA30WJ2;ZA;100.0;95.66
2017-08-27;PX98IJ3;PX;100.0;95.67
2017-08-27;SG02PK3;SG;51.92;95.67
2017-08-27;PX03IJ1;PX;100.0;95.68
2017-08-27;SO01WJ1;SO;100.0;95.68
2017-08-27;PX64RJ1;PX;100.0;95.71
2017-08-27;BU48WJ2;BU;84.57;95.72
2017-08-27;SA10PK3;SA;100.0;95.72
2017-08-27;SA19PK3;SA;100.0;95.72
2017-08-27;LE81WJ3;LE;31.43;95.73
2017-08-27;LE32PJ1;LE;100.0;95.75
2017-08-27;AV22WJ1;AV;99.88;95.76
2017-08-27;SG09WK3;SG;99.97;95.77
2017-08-27;SX79WJ1;SX;99.95;95.78
2017-08-27;LE11WJ2;LE;100.0;95.79
2017-08-27;LE42PK1;LE;100.0;95.79
2017-08-27;VA15WM2;VA;100.0;95.79
2017-08-27;SX21WJ2;SX;99.98;95.81
2017-08-27;SA28WJ2;SA;100.0;95.82
2017-08-27;SG25WJ1;SG;99.41;95.82
2017-08-27;BU25WM1;BU;100.0;95.83
2017-08-27;SX27IJ1;SX;99.95;95.83
2017-08-27;VA59WJ3;VA;100.0;95.83
2017-08-27;SX10IJ3;SX;100.0;95.84
2017-08-27;VA57WK1;VA;100.0;95.86
2017-08-27;SA11PK2;SA;95.45;95.87
2017-08-27;SO15OJ1;SO;100.0;95.87
2017-08-27;VA71GK2;VA;99.36;95.89
2017-08-27;ZA05PK1;ZA;100.0;95.89
2017-08-27;SA12PK2;SA;100.0;95.9
2017-08-27;SA26WJ1;SA;100.0;95.92
2017-08-27;SG39WJ2;SG;99.78;95.92
2017-08-27;SA04PJ1;SA;99.68;95.94
2017-08-27;VA29WK1;VA;100.0;95.94
2017-08-27;BU41WJ2;BU;100.0;95.95
2017-08-27;LE24RK1;LE;100.0;95.95
2017-08-27;LE88IJ3;LE;100.0;95.95
2017-08-27;SA07PK1;SA;99.89;95.95
2017-08-27;SG16WJ1;SG;35.21;95.95
2017-08-27;VA08GJ1;VA;100.0;95.95
2017-08-27;LE98IJ1;LE;100.0;95.97
2017-08-27;LE20PJ2;LE;100.0;95.98
2017-08-27;BU03GK3;BU;100.0;95.99
2017-08-27;LE72WJ3;LE;100.0;95.99
2017-08-27;ZA30WJ1;ZA;100.0;95.99
2017-08-27;VA70WK3;VA;83.83;96.0
2017-08-27;SG29WJ3;SG;48.92;96.03
2017-08-27;SG44WK2;SG;99.72;96.03
2017-08-27;SG22WJ3;SG;43.95;96.04
2017-08-27;SO01PL2;SO;100.0;96.04
2017-08-27;SX53WJ3;SX;99.99;96.04
2017-08-27;VA34WK2;VA;42.22;96.05
2017-08-27;VA38WJ3;VA;99.48;96.06
2017-08-27;VA56WJ3;VA;100.0;96.06
2017-08-27;LE18IJ1;LE;100.0;96.1
2017-08-27;LE87WJ2;LE;99.7;96.1
2017-08-27;AV25WJ3;AV;93.98;96.11
2017-08-27;VA74WJ1;VA;81.53;96.12
2017-08-27;VA72WJ2;VA;100.0;96.13
2017-08-27;LE16IJ2;LE;100.0;96.14
2017-08-27;PX20RJ3;PX;100.0;96.14
2017-08-27;BU27GJ2;BU;100.0;96.17
2017-08-27;SA25WJ1;SA;100.0;96.17
2017-08-27;VA11GJ1;VA;100.0;96.17
2017-08-27;VA70GJ1;VA;99.24;96.17
2017-08-27;ZA83WJ2;ZA;51.69;96.17
2017-08-27;SX49WJ3;SX;100.0;96.18
2017-08-27;AV21WJ2;AV;35.22;96.2
2017-08-27;VA68WJ1;VA;100.0;96.2
2017-08-27;SO12PJ1;SO;100.0;96.21
2017-08-27;LE18WJ2;LE;100.0;96.23
2017-08-27;LE90WJ1;LE;84.13;96.23
2017-08-27;SX59WJ3;SX;99.99;96.23
2017-08-27;AV04WJ2;AV;96.06;96.24
2017-08-27;BU01WJ1;BU;100.0;96.24
2017-08-27;BU01WJ3;BU;100.0;96.24
2017-08-27;SA21PJ3;SA;100.0;96.24
2017-08-27;SA21PK2;SA;99.97;96.25
2017-08-27;SO30WJ3;SO;100.0;96.25
2017-08-27;BU07KK1;BU;100.0;96.26
2017-08-27;SA36WJ2;SA;100.0;96.27
2017-08-27;BU49OJ2;BU;100.0;96.29
2017-08-27;SA27WJ2;SA;100.0;96.29
2017-08-27;PX16IJ4;PX;100.0;96.3
2017-08-27;VA45WM2;VA;100.0;96.3
2017-08-27;ZA30WJ3;ZA;100.0;96.3
2017-08-27;LE20WJ3;LE;100.0;96.31
2017-08-27;SA22PK1;SA;100.0;96.32
2017-08-27;VA14WK1;VA;100.0;96.32
2017-08-27;LE40PJ1;LE;100.0;96.33
2017-08-27;PX06PJ3;PX;100.0;96.34
2017-08-27;SA37WJ1;SA;99.97;96.34
2017-08-27;BU01GJ1;BU;100.0;96.35
2017-08-27;LE22PJ1;LE;100.0;96.35
2017-08-27;SA45WJ2;SA;100.0;96.36
2017-08-27;SO12PK3;SO;100.0;96.38
2017-08-27;SA12WJ2;SA;99.95;96.39
2017-08-27;LE38IJ1;LE;100.0;96.4
2017-08-27;SG23WJ3;SG;98.3;96.41
2017-08-27;VA70WK2;VA;88.68;96.41
2017-08-27;ZA10PJ3;ZA;100.0;96.42
2017-08-27;LE24IJ2;LE;100.0;96.43
2017-08-27;LE83WJ1;LE;100.0;96.44
2017-08-27;LE83WJ2;LE;99.94;96.46
2017-08-27;VA07RJ3;VA;99.77;96.46
2017-08-27;AV23WJ3;AV;99.42;96.48
2017-08-27;VA62WJ2;VA;100.0;96.49
2017-08-27;LE23RK2;LE;100.0;96.5
2017-08-27;SO27SJ2;SO;66.13;96.5
2017-08-27;BU18WJ3;BU;100.0;96.51
2017-08-27;LE80WJ1;LE;86.67;96.51
2017-08-27;ZA03PJ2;ZA;100.0;96.52
2017-08-27;LE56WJ3;LE;94.09;96.53
2017-08-27;BU16WJ2;BU;100.0;96.54
2017-08-27;PX02PJ3;PX;100.0;96.54
2017-08-27;BU41WM2;BU;100.0;96.55
2017-08-27;LE06IJ2;LE;100.0;96.55
2017-08-27;SA02PK1;SA;100.0;96.55
2017-08-27;SO08WJ3;SO;99.67;96.55
2017-08-27;LE09WJ2;LE;99.86;96.57
2017-08-27;ZA99IJ3;ZA;99.52;96.57
2017-08-27;LE07KK1;LE;100.0;96.58
2017-08-27;AV05RJ1;AV;98.6;96.59
2017-08-27;AV20WJ2;AV;98.76;96.59
2017-08-27;SO04WJ2;SO;94.03;96.59
2017-08-27;ZA31WJ2;ZA;100.0;96.59
2017-08-27;BU20WJ2;BU;100.0;96.6
2017-08-27;VA01WJ2;VA;99.2;96.61
2017-08-27;VA99GJ2;VA;100.0;96.61
2017-08-27;LE11KJ2;LE;100.0;96.62
2017-08-27;SX52WJ3;SX;100.0;96.62
2017-08-27;SX67WJ3;SX;100.0;96.62
2017-08-27;SX54WJ4;SX;100.0;96.63
2017-08-27;SA13WJ1;SA;100.0;96.64
2017-08-27;PX18IJ2;PX;98.9;96.66
2017-08-27;VA01KJ2;VA;98.15;96.66
2017-08-27;AV25WM2;AV;100.0;96.67
2017-08-27;LE04IJ1;LE;100.0;96.67
2017-08-27;VA47WK1;VA;100.0;96.67
2017-08-27;VA63WJ2;VA;100.0;96.67
2017-08-27;AV37WJ1;AV;99.49;96.68
2017-08-27;BU29GJ1;BU;100.0;96.68
2017-08-27;VA01KK2;VA;99.87;96.68
2017-08-27;LE06KK3;LE;100.0;96.69
2017-08-27;SA05PK2;SA;99.94;96.69
2017-08-27;AV37WK1;AV;100.0;96.7
2017-08-27;SA47WJ2;SA;99.89;96.71
2017-08-27;VA27WJ1;VA;99.73;96.71
2017-08-27;VA74WJ3;VA;99.88;96.71
2017-08-27;LE63WJ1;LE;99.92;96.72
2017-08-27;SG35WM1;SG;66.67;96.72
2017-08-27;ZA04WJ2;ZA;100.0;96.72
2017-08-27;LE15WJ1;LE;100.0;96.73
2017-08-27;AV20WJ3;AV;99.96;96.74
2017-08-27;BU25GJ1;BU;100.0;96.74
2017-08-27;SG19WJ1;SG;90.26;96.74
2017-08-27;SG02RJ1;SG;95.87;96.75
2017-08-27;VA72WJ3;VA;100.0;96.75
2017-08-27;SX35WJ1;SX;100.0;96.76
2017-08-27;SA21PK1;SA;100.0;96.77
2017-08-27;VA25WJ3;VA;99.57;96.77
2017-08-27;AV12WJ3;AV;99.87;96.78
2017-08-27;AV20WJ1;AV;100.0;96.78
2017-08-27;AV33PJ1;AV;99.99;96.78
2017-08-27;LE40IJ2;LE;100.0;96.78
2017-08-27;SA52WK1;SA;100.0;96.78
2017-08-27;SX51WJ1;SX;99.98;96.78
2017-08-27;VA60WJ2;VA;100.0;96.78
2017-08-27;AV25PK1;AV;97.02;96.79
2017-08-27;BU49WJ2;BU;100.0;96.8
2017-08-27;SX27IJ2;SX;100.0;96.81
2017-08-27;ZA01PJ3;ZA;100.0;96.81
2017-08-27;ZA05WJ3;ZA;100.0;96.81
2017-08-27;SA02WJ1;SA;99.39;96.83
2017-08-27;SA06PK3;SA;99.99;96.84
2017-08-27;SA16WJ3;SA;99.95;96.84
2017-08-27;BU15GK1;BU;99.96;96.85
2017-08-27;VA69WJ2;VA;90.56;96.85
2017-08-27;PX05PK3;PX;100.0;96.86
2017-08-27;VA68WJ2;VA;100.0;96.86
2017-08-27;SG25WJ3;SG;99.85;96.87
2017-08-27;VA46WJ2;VA;99.69;96.87
2017-08-27;AV17WK1;AV;82.19;96.88
2017-08-27;AV33RJ3;AV;99.1;96.88
2017-08-27;BU12GJ2;BU;100.0;96.88
2017-08-27;SA30WJ1;SA;99.94;96.89
2017-08-27;BU31WJ2;BU;100.0;96.9
2017-08-27;SA20WJ3;SA;100.0;96.9
2017-08-27;ZA03WJ3;ZA;100.0;96.9
2017-08-27;SA42WJ1;SA;99.8;96.92
2017-08-27;LE52WJ2;LE;99.96;96.94
2017-08-27;AV23WJ2;AV;98.44;96.95
2017-08-27;PX49IJ3;PX;99.92;96.95
2017-08-27;ZA10PK1;ZA;100.0;96.95
2017-08-27;SA29WJ1;SA;100.0;96.96
2017-08-27;SA46WJ3;SA;99.95;96.96
2017-08-27;VA08GK1;VA;100.0;96.96
2017-08-27;BU21WM2;BU;100.0;96.97
2017-08-27;ZA08PK3;ZA;100.0;96.99
2017-08-27;LE16WJ3;LE;94.68;97.01
2017-08-27;SX24WJ3;SX;99.86;97.01
2017-08-27;SA24WJ1;SA;99.82;97.03
2017-08-27;SA23WJ2;SA;100.0;97.05
2017-08-27;SA39WJ1;SA;100.0;97.05
2017-08-27;SG07WJ3;SG;49.67;97.06
2017-08-27;ZA32WJ3;ZA;100.0;97.06
2017-08-27;LE15KJ1;LE;100.0;97.07
2017-08-27;SA05WJ3;SA;99.94;97.07
2017-08-27;SA30WJ3;SA;100.0;97.07
2017-08-27;VA63WJ1;VA;100.0;97.08
2017-08-27;AV15RJ1;AV;99.97;97.09
2017-08-27;LE35PK2;LE;100.0;97.09
2017-08-27;VA41GK3;VA;100.0;97.09
2017-08-27;LE06KK2;LE;100.0;97.1
2017-08-27;SA18WJ1;SA;100.0;97.1
2017-08-27;VA55GJ1;VA;100.0;97.1
2017-08-27;LE15IJ1;LE;100.0;97.11
2017-08-27;SO28WJ3;SO;100.0;97.11
2017-08-27;VA16GJ3;VA;100.0;97.12
2017-08-27;AV05PK3;AV;99.9;97.14
2017-08-27;PX21RJ1;PX;100.0;97.14
2017-08-27;VA49WM1;VA;100.0;97.14
2017-08-27;LE15KK2;LE;100.0;97.16
2017-08-27;VA20WJ2;VA;98.87;97.16
2017-08-27;AV21WJ3;AV;15.19;97.17
2017-08-27;VA20WJ3;VA;100.0;97.17
2017-08-27;BU71GJ1;BU;100.0;97.18
2017-08-27;LE23RK3;LE;100.0;97.18
2017-08-27;LE67WJ2;LE;99.94;97.18
2017-08-27;PX19IJ1;PX;100.0;97.18
2017-08-27;SX18IJ2;SX;99.99;97.18
2017-08-27;SX58WJ3;SX;100.0;97.18
2017-08-27;VA01GK2;VA;100.0;97.18
2017-08-27;SA11WJ3;SA;100.0;97.19
2017-08-27;SA18PJ3;SA;99.96;97.19
2017-08-27;LE73WJ2;LE;100.0;97.2
2017-08-27;SG02PJ2;SG;21.81;97.2
2017-08-27;AV29WJ1;AV;94.09;97.21
2017-08-27;SO04WJ3;SO;100.0;97.21
2017-08-27;LE40PK1;LE;100.0;97.22
2017-08-27;PX20PJ3;PX;100.0;97.22
2017-08-27;ZA99IJ1;ZA;100.0;97.22
2017-08-27;VA03WJ2;VA;99.32;97.23
2017-08-27;VA41GK1;VA;99.44;97.23
2017-08-27;VA68WJ3;VA;98.93;97.23
2017-08-27;BU25WJ3;BU;100.0;97.24
2017-08-27;BU27GJ1;BU;100.0;97.24
2017-08-27;SA44WJ1;SA;99.92;97.24
2017-08-27;AV11PJ2;AV;99.89;97.25
2017-08-27;VA32GK3;VA;100.0;97.25
2017-08-27;VA62WJ1;VA;100.0;97.25
2017-08-27;BU55WK1;BU;98.65;97.26
2017-08-27;SX49WJ2;SX;100.0;97.26
2017-08-27;VA40WM2;VA;100.0;97.26
2017-08-27;LE15KK1;LE;100.0;97.27
2017-08-27;SO08WJ2;SO;100.0;97.27
2017-08-27;LE78WJ2;LE;98.73;97.28
2017-08-27;SA45WJ1;SA;98.66;97.28
2017-08-27;VA35WJ3;VA;98.76;97.28
2017-08-27;LE23WJ3;LE;99.7;97.29
2017-08-27;LE98WJ3;LE;100.0;97.29
2017-08-27;PX04IJ3;PX;100.0;97.3
2017-08-27;VA62GJ3;VA;99.72;97.3
2017-08-27;AV14WJ3;AV;56.74;97.31
2017-08-27;BU27WK2;BU;100.0;97.31
2017-08-27;LE21RK1;LE;100.0;97.31
2017-08-27;SA15PK3;SA;99.97;97.31
2017-08-27;BU14GK1;BU;100.0;97.32
2017-08-27;BU23WM2;BU;100.0;97.32
2017-08-27;LE20RK1;LE;100.0;97.32
2017-08-27;VA22GJ1;VA;100.0;97.32
2017-08-27;VA60WJ1;VA;100.0;97.32
2017-08-27;BU25GK1;BU;100.0;97.33
2017-08-27;LE32WJ3;LE;97.22;97.33
2017-08-27;LE89IJ1;LE;83.42;97.33
2017-08-27;LE92WJ2;LE;100.0;97.33
2017-08-27;LE40PJ3;LE;99.94;97.34
2017-08-27;LE92IJ2;LE;100.0;97.34
2017-08-27;PX30IJ2;PX;100.0;97.34
2017-08-27;SA26WJ2;SA;100.0;97.34
2017-08-27;SG44WK1;SG;98.86;97.34
2017-08-27;SO02WJ3;SO;100.0;97.34
2017-08-27;ZA04PJ2;ZA;100.0;97.34
2017-08-27;LE72WJ1;LE;99.94;97.35
2017-08-27;AV06RJ1;AV;99.84;97.36
2017-08-27;LE90IJ2;LE;100.0;97.36
2017-08-27;PX20PK1;PX;100.0;97.36
2017-08-27;PX98IJ1;PX;100.0;97.36
2017-08-27;SA12PJ3;SA;100.0;97.36
2017-08-27;SG25WM3;SG;100.0;97.36
2017-08-27;LE41PJ1;LE;100.0;97.37
2017-08-27;SG27WM3;SG;100.0;97.37
2017-08-27;VA71GK1;VA;99.7;97.37
2017-08-27;AV17PJ1;AV;100.0;97.38
2017-08-27;LE06IJ3;LE;100.0;97.38
2017-08-27;LE78WJ1;LE;99.31;97.38
2017-08-27;SX14WJ1;SX;100.0;97.38
2017-08-27;SX40WJ1;SX;99.67;97.38
2017-08-27;AV15WJ1;AV;94.14;97.39
2017-08-27;LE15KJ2;LE;99.6;97.39
2017-08-27;ZA43WJ2;ZA;100.0;97.39
2017-08-27;AV27WJ2;AV;99.46;97.4
2017-08-27;LE23WJ1;LE;100.0;97.4
2017-08-27;SA15PK2;SA;100.0;97.4
2017-08-27;VA47WK2;VA;100.0;97.4
2017-08-27;VA20WK3;VA;99.94;97.41
2017-08-27;ZA07PJ3;ZA;100.0;97.41
2017-08-27;AV05PJ3;AV;99.38;97.42
2017-08-27;PX14IJ3;PX;100.0;97.42
2017-08-27;SA30WJ2;SA;100.0;97.43
2017-08-27;SX61WJ1;SX;99.98;97.43
2017-08-27;BU06GK1;BU;100.0;97.44
2017-08-27;BU25WJ1;BU;100.0;97.44
2017-08-27;SG13WJ1;SG;91.31;97.44
2017-08-27;VA28GK2;VA;100.0;97.44
2017-08-27;AV16WJ1;AV;88.83;97.45
2017-08-27;PX19IJ3;PX;100.0;97.45
2017-08-27;SX26IJ2;SX;99.85;97.45
2017-08-27;BU01WM3;BU;100.0;97.46
2017-08-27;BU05KK1;BU;100.0;97.46
2017-08-27;SO26WK3;SO;64.48;97.46
2017-08-27;ZA52WJ2;ZA;100.0;97.46
2017-08-27;AV09WJ3;AV;63.37;97.47
2017-08-27;SA03PK3;SA;99.99;97.48
2017-08-27;LE21IJ2;LE;100.0;97.49
2017-08-27;LE31PJ3;LE;100.0;97.49
2017-08-27;LE38WJ1;LE;100.0;97.49
2017-08-27;VA11WJ1;VA;99.25;97.49
2017-08-27;VA41WK2;VA;89.78;97.49
2017-08-27;VA45WJ2;VA;100.0;97.49
2017-08-27;LE03PJ1;LE;100.0;97.5
2017-08-27;PX05PJ3;PX;100.0;97.5
2017-08-27;LE56IJ1;LE;100.0;97.51
2017-08-27;SA42WJ3;SA;99.62;97.51
2017-08-27;PX23IJ1;PX;100.0;97.52
2017-08-27;BU25GK2;BU;100.0;97.53
2017-08-27;SX45WJ2;SX;100.0;97.53
2017-08-27;VA39GJ2;VA;100.0;97.53
2017-08-27;BU29WK1;BU;100.0;97.54
2017-08-27;LE64WJ2;LE;100.0;97.54
2017-08-27;BU06WK1;BU;100.0;97.55
2017-08-27;SA06PK2;SA;100.0;97.55
2017-08-27;SG18WJ1;SG;29.71;97.55
2017-08-27;SO13WJ2;SO;100.0;97.55
2017-08-27;BU11GJ1;BU;100.0;97.56
2017-08-27;SG21WK3;SG;99.32;97.56
2017-08-27;SG31WK1;SG;100.0;97.56
2017-08-27;VA16GJ1;VA;100.0;97.56
2017-08-27;VA49WJ2;VA;99.88;97.56
2017-08-27;VA60GJ3;VA;100.0;97.56
2017-08-27;LE73WJ1;LE;100.0;97.57
2017-08-27;VA34WJ2;VA;86.06;97.57
2017-08-27;AV15WJ2;AV;97.65;97.58
2017-08-27;SX52WJ2;SX;100.0;97.58
2017-08-27;BU56WM2;BU;100.0;97.59
2017-08-27;SA25PK2;SA;99.96;97.59
2017-08-27;SA43WJ2;SA;100.0;97.59
2017-08-27;SX92WJ1;SX;100.0;97.59
2017-08-27;VA17GJ3;VA;99.92;97.59
2017-08-27;LE38WJ2;LE;100.0;97.6
2017-08-27;VA23GJ3;VA;100.0;97.6
2017-08-27;AV12WJ1;AV;96.23;97.61
2017-08-27;LE90IJ1;LE;100.0;97.61
2017-08-27;SA12WJ3;SA;100.0;97.61
2017-08-27;BU45GJ3;BU;100.0;97.62
2017-08-27;BU49OJ1;BU;100.0;97.62
2017-08-27;SA12PJ1;SA;99.66;97.62
2017-08-27;SA61WJ3;SA;99.93;97.62
2017-08-27;SX47WJ1;SX;99.22;97.62
2017-08-27;ZA31WJ3;ZA;100.0;97.62
2017-08-27;AV14WJ2;AV;88.77;97.63
2017-08-27;AV32WJ2;AV;28.34;97.63
2017-08-27;LE81WJ2;LE;83.4;97.63
2017-08-27;BU03WJ3;BU;100.0;97.64
2017-08-27;VA11GJ2;VA;100.0;97.65
2017-08-27;VA05WK1;VA;100.0;97.66
2017-08-27;BU55WJ2;BU;97.44;97.67
2017-08-27;PX01PJ3;PX;100.0;97.67
2017-08-27;SA10PJ1;SA;100.0;97.67
2017-08-27;SO30WK2;SO;86.0;97.67
2017-08-27;ZA04WJ1;ZA;99.84;97.67
2017-08-27;LE38PJ2;LE;100.0;97.68
2017-08-27;SA15PJ3;SA;99.2;97.68
2017-08-27;VA50GJ3;VA;100.0;97.68
2017-08-27;AV25PK2;AV;100.0;97.69
2017-08-27;BU48WJ3;BU;100.0;97.69
2017-08-27;PX06PJ1;PX;100.0;97.69
2017-08-27;SA03PJ3;SA;100.0;97.69
2017-08-27;AV01PJ3;AV;99.96;97.7
2017-08-27;BU55WJ1;BU;100.0;97.7
2017-08-27;BU56WJ1;BU;99.98;97.7
2017-08-27;ZA20WJ3;ZA;92.17;97.7
2017-08-27;BU05KJ2;BU;100.0;97.71
2017-08-27;LE05KJ3;LE;99.27;97.71
2017-08-27;SA21PJ1;SA;100.0;97.71
2017-08-27;SG29WJ1;SG;99.12;97.71
2017-08-27;SX25WJ2;SX;99.79;97.71
2017-08-27;VA01GJ1;VA;100.0;97.71
2017-08-27;AV05PJ2;AV;99.72;97.72
2017-08-27;LE25PK3;LE;100.0;97.72
2017-08-27;LE30PJ1;LE;100.0;97.72
2017-08-27;SA04PK3;SA;100.0;97.72
2017-08-27;LE01PJ2;LE;100.0;97.73
2017-08-27;SA04WJ1;SA;99.88;97.73
2017-08-27;SG04PJ2;SG;99.3;97.73
2017-08-27;VA32GJ3;VA;100.0;97.73
2017-08-27;BU31WJ1;BU;100.0;97.74
2017-08-27;LE56WJ2;LE;99.29;97.74
2017-08-27;PX14IJ1;PX;100.0;97.74
2017-08-27;SA10WJ3;SA;100.0;97.74
2017-08-27;SG29WJ2;SG;92.76;97.74
2017-08-27;VA04WJ2;VA;99.06;97.74
2017-08-27;ZA30RJ3;ZA;100.0;97.74
2017-08-27;AV30WJ3;AV;100.0;97.75
2017-08-27;LE34PK2;LE;100.0;97.75
2017-08-27;SA24PK3;SA;100.0;97.75
2017-08-27;LE01PJ1;LE;100.0;97.76
2017-08-27;VA23GK2;VA;100.0;97.76
2017-08-27;LE03PL2;LE;100.0;97.77
2017-08-27;LE07KJ3;LE;100.0;97.77
2017-08-27;LE79WJ1;LE;100.0;97.77
2017-08-27;PX43IJ3;PX;100.0;97.77
2017-08-27;SA44WJ3;SA;100.0;97.77
2017-08-27;SX81WJ1;SX;100.0;97.77
2017-08-27;VA58GJ2;VA;100.0;97.77
2017-08-27;ZA10PJ2;ZA;100.0;97.77
2017-08-27;LE11KJ3;LE;99.87;97.78
2017-08-27;LE31PJ2;LE;100.0;97.78
2017-08-27;PX97IJ3;PX;99.92;97.78
2017-08-27;VA14GJ2;VA;100.0;97.78
2017-08-27;ZA10PJ1;ZA;100.0;97.78
2017-08-27;ZA16PJ2;ZA;100.0;97.78
2017-08-27;BU02GK1;BU;100.0;97.79
2017-08-27;LE10IJ2;LE;99.94;97.79
2017-08-27;LE31WJ3;LE;100.0;97.79
2017-08-27;LE96WJ3;LE;100.0;97.8
2017-08-27;SA34WJ1;SA;82.93;97.8
2017-08-27;SX93WJ2;SX;100.0;97.8
2017-08-27;BU11GK2;BU;100.0;97.81
2017-08-27;LE07KJ2;LE;99.9;97.81
2017-08-27;LE09WJ1;LE;99.68;97.81
2017-08-27;SA40WJ2;SA;97.94;97.81
2017-08-27;AV16WK2;AV;29.17;97.83
2017-08-27;BU28GJ2;BU;47.37;97.83
2017-08-27;BU71GJ5;BU;100.0;97.83
2017-08-27;LE19PJ2;LE;100.0;97.83
2017-08-27;SG22WM3;SG;100.0;97.83
2017-08-27;ZA05WJ2;ZA;100.0;97.83
2017-08-27;SX32WJ3;SX;100.0;97.84
2017-08-27;AV31WJ2;AV;99.94;97.85
2017-08-27;BU44GJ1;BU;100.0;97.85
2017-08-27;LE09PK3;LE;100.0;97.85
2017-08-27;SA07PJ1;SA;99.81;97.85
2017-08-27;SA11PJ1;SA;99.39;97.85
2017-08-27;ZA05PJ3;ZA;100.0;97.85
2017-08-27;ZA24WJ3;ZA;100.0;97.85
2017-08-27;AV15RJ2;AV;100.0;97.86
2017-08-27;LE04PJ3;LE;99.59;97.86
2017-08-27;LE77WJ1;LE;100.0;97.86
2017-08-27;SG18WJ2;SG;88.46;97.86
2017-08-27;SG01WK2;SG;90.39;97.87
2017-08-27;SG03PK2;SG;16.52;97.87
2017-08-27;SG07WJ1;SG;99.91;97.87
2017-08-27;VA51WJ3;VA;100.0;97.87
2017-08-27;BU10GJ3;BU;100.0;97.88
2017-08-27;VA34WJ3;VA;83.21;97.88
2017-08-27;LE06KK1;LE;100.0;97.89
2017-08-27;LE96WJ2;LE;100.0;97.89
2017-08-27;VA05WK2;VA;99.3;97.89
2017-08-27;LE05KJ2;LE;100.0;97.9
2017-08-27;LE27WJ1;LE;99.93;97.9
2017-08-27;LE46PK3;LE;100.0;97.9
2017-08-27;PX07PJ2;PX;100.0;97.9
2017-08-27;SA15PJ2;SA;99.89;97.9
2017-08-27;AV06WK3;AV;99.88;97.91
2017-08-27;AV31PK3;AV;100.0;97.91
2017-08-27;SA12PJ2;SA;99.81;97.91
2017-08-27;VA55GJ3;VA;100.0;97.91
2017-08-27;AV26WJ3;AV;100.0;97.92
2017-08-27;BU07KJ3;BU;99.9;97.92
2017-08-27;AV12WJ2;AV;98.69;97.93
2017-08-27;BU17GJ1;BU;100.0;97.93
2017-08-27;SA13PK1;SA;100.0;97.93
2017-08-27;LE27WJ3;LE;100.0;97.94
2017-08-27;LE76WJ2;LE;100.0;97.94
2017-08-27;SA21WJ3;SA;100.0;97.94
2017-08-27;SA38WJ3;SA;100.0;97.95
2017-08-27;VA47WK3;VA;100.0;97.95
2017-08-27;AV19WJ3;AV;86.18;97.96
2017-08-27;PX20PJ2;PX;100.0;97.96
2017-08-27;SA08WJ2;SA;100.0;97.96
2017-08-27;SO17WM2;SO;100.0;97.96
2017-08-27;VA25WK3;VA;92.24;97.96
2017-08-27;BU36WJ2;BU;100.0;97.97
2017-08-27;SA09PK2;SA;99.96;97.97
2017-08-27;PX30IJ1;PX;100.0;97.98
2017-08-27;SA18PJ1;SA;100.0;97.98
2017-08-27;SG02RJ2;SG;77.63;97.98
2017-08-27;VA04KJ1;VA;99.42;97.98
2017-08-27;LE92IJ1;LE;100.0;97.99
2017-08-27;AV36WJ1;AV;76.5;98.0
2017-08-27;BU01KJ3;BU;100.0;98.0
2017-08-27;BU16WJ3;BU;100.0;98.0
2017-08-27;LE41RJ1;LE;99.97;98.0
2017-08-27;PX07PK3;PX;100.0;98.0
2017-08-27;VA10GJ2;VA;99.98;98.0
2017-08-27;LE47PK3;LE;100.0;98.01
2017-08-27;PX11PK2;PX;100.0;98.01
2017-08-27;VA08GJ2;VA;100.0;98.01
2017-08-27;AV16WK3;AV;2.79;98.02
2017-08-27;BU49OK3;BU;100.0;98.02
2017-08-27;SA04WJ3;SA;99.55;98.02
2017-08-27;SA46WJ2;SA;99.94;98.02
2017-08-27;SX04WJ1;SX;100.0;98.02
2017-08-27;VA99GK3;VA;100.0;98.02
2017-08-27;BU20WJ3;BU;100.0;98.03
2017-08-27;SX38WJ1;SX;100.0;98.03
2017-08-27;SX42WJ3;SX;100.0;98.03
2017-08-27;ZA02WJ2;ZA;100.0;98.03
2017-08-27;AV21WK3;AV;99.57;98.04
2017-08-27;BU26GJ1;BU;100.0;98.04
2017-08-27;PX03IJ4;PX;100.0;98.04
2017-08-27;SA22PK2;SA;100.0;98.04
2017-08-27;VA11GK1;VA;100.0;98.04
2017-08-27;VA41GJ3;VA;100.0;98.04
2017-08-27;VA66GK2;VA;99.96;98.04
2017-08-27;VA71GJ2;VA;99.88;98.04
2017-08-27;ZA14PJ1;ZA;100.0;98.04
2017-08-27;ZA40WJ3;ZA;100.0;98.04
2017-08-27;LE04IJ3;LE;99.9;98.05
2017-08-27;LE11KJ1;LE;100.0;98.05
2017-08-27;LE23PK1;LE;100.0;98.05
2017-08-27;SA03PJ1;SA;99.81;98.05
2017-08-27;VA20WK1;VA;100.0;98.05
2017-08-27;ZA96WJ3;ZA;99.96;98.05
2017-08-27;AV19WJ2;AV;98.9;98.06
2017-08-27;AV20PJ2;AV;100.0;98.06
2017-08-27;AV36WJ3;AV;98.11;98.06
2017-08-27;BU26GK2;BU;100.0;98.06
2017-08-27;LE31PJ1;LE;100.0;98.06
2017-08-27;SA17PK3;SA;100.0;98.06
2017-08-27;SA34WJ3;SA;90.34;98.06
2017-08-27;SX06IJ1;SX;99.92;98.06
2017-08-27;SA17PJ3;SA;99.98;98.07
2017-08-27;SO08PK3;SO;99.73;98.07
2017-08-27;AV24WM1;AV;100.0;98.08
2017-08-27;SA31WJ1;SA;100.0;98.08
2017-08-27;SX60WJ2;SX;100.0;98.08
2017-08-27;VA08GJ3;VA;100.0;98.08
2017-08-27;SG17WJ1;SG;4.75;98.09
2017-08-27;VA32GJ2;VA;100.0;98.09
2017-08-27;ZA32WJ2;ZA;100.0;98.09
2017-08-27;SG27WJ2;SG;99.9;98.1
2017-08-27;VA16WJ3;VA;100.0;98.1
2017-08-27;VA33GJ1;VA;100.0;98.1
2017-08-27;ZA30RJ2;ZA;100.0;98.1
2017-08-27;AV11WK3;AV;96.77;98.11
2017-08-27;LE04KJ3;LE;94.31;98.11
2017-08-27;LE36PK2;LE;100.0;98.11
2017-08-27;PX28IJ3;PX;80.58;98.11
2017-08-27;SA06WJ3;SA;99.93;98.11
2017-08-27;SA14WJ2;SA;100.0;98.11
2017-08-27;SA19PJ3;SA;98.76;98.11
2017-08-27;SX14WJ3;SX;99.99;98.11
2017-08-27;VA51WM3;VA;100.0;98.11
2017-08-27;LE05PJ3;LE;100.0;98.12
2017-08-27;SA17PK2;SA;99.99;98.12
2017-08-27;SA37WJ2;SA;100.0;98.12
2017-08-27;SX46WJ2;SX;100.0;98.12
2017-08-27;VA45GK2;VA;100.0;98.12
2017-08-27;LE10KK1;LE;100.0;98.13
2017-08-27;VA46WK1;VA;100.0;98.13
2017-08-27;ZA04PJ1;ZA;100.0;98.13
2017-08-27;AV17PJ3;AV;100.0;98.14
2017-08-27;AV09WK2;AV;88.49;98.15
2017-08-27;BU55GK3;BU;100.0;98.15
2017-08-27;LE65WJ1;LE;100.0;98.15
2017-08-27;VA33GJ2;VA;100.0;98.15
2017-08-27;AV05RJ3;AV;99.9;98.16
2017-08-27;BU43GJ2;BU;100.0;98.16
2017-08-27;LE57WJ3;LE;99.97;98.16
2017-08-27;PX01PK3;PX;100.0;98.16
2017-08-27;SA04PJ2;SA;99.95;98.16
2017-08-27;VA02GJ1;VA;100.0;98.16
2017-08-27;VA64WJ3;VA;25.88;98.16
2017-08-27;AV02PJ2;AV;99.98;98.17
2017-08-27;VA54WM2;VA;100.0;98.17
2017-08-27;ZA99IJ2;ZA;99.63;98.17
2017-08-27;SX61WJ3;SX;100.0;98.18
2017-08-27;VA01KJ3;VA;96.5;98.18
2017-08-27;VA01KK3;VA;99.65;98.18
2017-08-27;ZA02WJ1;ZA;100.0;98.18
2017-08-27;LE11KK3;LE;100.0;98.19
2017-08-27;LE16IJ1;LE;100.0;98.19
2017-08-27;SG35WM2;SG;82.03;98.19
2017-08-27;BU02KK3;BU;100.0;98.2
2017-08-27;VA45GK3;VA;99.86;98.2
2017-08-27;ZA14PJ3;ZA;100.0;98.2
2017-08-27;BU13GK2;BU;100.0;98.21
2017-08-27;BU44WJ2;BU;100.0;98.21
2017-08-27;SA21PK3;SA;99.89;98.21
2017-08-27;BU01KK2;BU;99.95;98.22
2017-08-27;LE74WJ1;LE;99.97;98.22
2017-08-27;SX23WJ2;SX;100.0;98.22
2017-08-27;VA02RJ3;VA;100.0;98.22
2017-08-27;LE10KK3;LE;100.0;98.23
2017-08-27;VA09GJ1;VA;100.0;98.23
2017-08-27;VA31WJ2;VA;68.18;98.23
2017-08-27;BU07KK2;BU;100.0;98.24
2017-08-27;BU72WJ3;BU;99.49;98.24
2017-08-27;LE42PK2;LE;100.0;98.24
2017-08-27;PX01PJ1;PX;100.0;98.24
2017-08-27;SA17PJ2;SA;100.0;98.24
2017-08-27;SX09IJ2;SX;100.0;98.24
2017-08-27;VA02GJ3;VA;100.0;98.24
2017-08-27;ZA53WJ3;ZA;100.0;98.24
2017-08-27;AV05PJ1;AV;100.0;98.25
2017-08-27;AV23WJ1;AV;100.0;98.25
2017-08-27;BU02WK1;BU;100.0;98.25
2017-08-27;LE05PJ1;LE;100.0;98.25
2017-08-27;PX20PJ1;PX;100.0;98.25
2017-08-27;SX29WJ3;SX;100.0;98.25
2017-08-27;VA31GJ1;VA;100.0;98.25
2017-08-27;LE05PK3;LE;100.0;98.26
2017-08-27;PX03IJ3;PX;100.0;98.26
2017-08-27;SA22PK3;SA;99.72;98.26
2017-08-27;SX22WJ2;SX;100.0;98.26
2017-08-27;VA25GK3;VA;100.0;98.26
2017-08-27;VA38WK2;VA;70.12;98.26
2017-08-27;BU24GK2;BU;100.0;98.27
2017-08-27;SG38WJ1;SG;98.9;98.27
2017-08-27;SO01PJ3;SO;100.0;98.27
2017-08-27;VA11WJ3;VA;99.08;98.27
2017-08-27;VA42WJ3;VA;100.0;98.27
2017-08-27;VA48WJ2;VA;99.95;98.27
2017-08-27;PX01RK1;PX;100.0;98.28
2017-08-27;SO12PJ3;SO;96.72;98.28
2017-08-27;VA66WM3;VA;100.0;98.28
2017-08-27;VA71GJ1;VA;96.91;98.28
2017-08-27;BU12GJ1;BU;100.0;98.29
2017-08-27;LE25PK1;LE;100.0;98.29
2017-08-27;LE62WJ3;LE;100.0;98.29
2017-08-27;SX53WJ2;SX;99.56;98.29
2017-08-27;VA04KJ2;VA;52.62;98.29
2017-08-27;AV01WJ2;AV;99.95;98.3
2017-08-27;AV31PJ3;AV;99.94;98.3
2017-08-27;BU08GK1;BU;100.0;98.3
2017-08-27;LE03PK2;LE;99.68;98.3
2017-08-27;SA11PJ2;SA;100.0;98.3
2017-08-27;SA12WJ1;SA;99.9;98.3
2017-08-27;SG19WJ3;SG;69.23;98.3
2017-08-27;SX21WJ1;SX;99.98;98.3
2017-08-27;VA17GK2;VA;100.0;98.3
2017-08-27;VA64WJ2;VA;99.94;98.3
2017-08-27;ZA15PJ1;ZA;100.0;98.3
2017-08-27;AV11PJ1;AV;100.0;98.31
2017-08-27;AV30PJ2;AV;100.0;98.31
2017-08-27;BU01KJ2;BU;100.0;98.31
2017-08-27;BU10GJ1;BU;93.01;98.31
2017-08-27;BU19WM3;BU;100.0;98.31
2017-08-27;BU25WJ2;BU;100.0;98.32
2017-08-27;SA13WJ3;SA;100.0;98.32
2017-08-27;SA52WK3;SA;100.0;98.32
2017-08-27;ZA30RJ1;ZA;99.94;98.32
2017-08-27;LE08PK2;LE;99.99;98.33
2017-08-27;LE08RJ2;LE;100.0;98.33
2017-08-27;SA10PJ3;SA;100.0;98.33
2017-08-27;SG06RJ1;SG;83.86;98.33
2017-08-27;BU16WJ1;BU;100.0;98.34
2017-08-27;PX01RJ1;PX;100.0;98.34
2017-08-27;SA25WJ2;SA;99.83;98.34
2017-08-27;VA16WK1;VA;100.0;98.34
2017-08-27;LE67WJ3;LE;98.92;98.35
2017-08-27;SO31WJ2;SO;100.0;98.35
2017-08-27;BU02KJ1;BU;100.0;98.36
2017-08-27;BU28GJ3;BU;93.26;98.36
2017-08-27;LE04PK3;LE;100.0;98.36
2017-08-27;LE41RJ2;LE;99.78;98.36
2017-08-27;PX05PK1;PX;100.0;98.36
2017-08-27;VA42WJ2;VA;99.81;98.36
2017-08-27;AV16WJ2;AV;99.9;98.37
2017-08-27;BU27GK1;BU;100.0;98.37
2017-08-27;LE20RJ3;LE;99.21;98.37
2017-08-27;LE31PK3;LE;100.0;98.37
2017-08-27;PX01PL2;PX;100.0;98.37
2017-08-27;SA03PK2;SA;99.93;98.37
2017-08-27;SG04PJ1;SG;91.22;98.37
2017-08-27;SG13WJ2;SG;54.08;98.37
2017-08-27;SX64WJ1;SX;100.0;98.37
2017-08-27;VA05GK3;VA;100.0;98.37
2017-08-27;ZA21WJ2;ZA;99.89;98.37
2017-08-27;LE07PJ2;LE;100.0;98.38
2017-08-27;SX71WJ2;SX;100.0;98.38
2017-08-27;LE03RK2;LE;100.0;98.39
2017-08-27;SA01PJ2;SA;100.0;98.39
2017-08-27;SA12PK1;SA;100.0;98.39
2017-08-27;VA38WJ1;VA;97.98;98.39
2017-08-27;ZA07PJ1;ZA;100.0;98.39
2017-08-27;BU11GJ3;BU;100.0;98.4
2017-08-27;BU24GJ2;BU;94.53;98.4
2017-08-27;LE06WJ2;LE;100.0;98.4
2017-08-27;PX21IJ3;PX;100.0;98.4
2017-08-27;SA08PK3;SA;100.0;98.4
2017-08-27;BU56WM1;BU;100.0;98.41
2017-08-27;LE20WJ1;LE;99.37;98.41
2017-08-27;SA18PK1;SA;100.0;98.41
2017-08-27;AV39WJ1;AV;99.58;98.42
2017-08-27;BU24GK3;BU;100.0;98.42
2017-08-27;SA24PK2;SA;99.97;98.42
2017-08-27;SO02PJ1;SO;97.5;98.42
2017-08-27;VA31GJ3;VA;99.93;98.42
2017-08-27;VA61GJ3;VA;100.0;98.42
2017-08-27;VA83GK3;VA;100.0;98.42
2017-08-27;ZA24WJ1;ZA;100.0;98.42
2017-08-27;LE24IJ1;LE;99.95;98.43
2017-08-27;SA08PK1;SA;100.0;98.43
2017-08-27;SG04RJ1;SG;83.72;98.43
2017-08-27;SG43WM1;SG;100.0;98.43
2017-08-27;SX06IJ2;SX;99.96;98.43
2017-08-27;SX26IJ1;SX;99.79;98.43
2017-08-27;SX54WJ1;SX;100.0;98.43
2017-08-27;VA62GJ1;VA;100.0;98.43
2017-08-27;BU07KK3;BU;100.0;98.44
2017-08-27;BU17RJ2;BU;95.48;98.44
2017-08-27;BU42GK3;BU;100.0;98.44
2017-08-27;LE40IJ3;LE;100.0;98.44
2017-08-27;SA19PJ1;SA;99.87;98.44
2017-08-27;SG16WJ3;SG;32.71;98.44
2017-08-27;ZA19PJ3;ZA;100.0;98.44
2017-08-27;AV09WK1;AV;100.0;98.45
2017-08-27;LE07KK3;LE;99.97;98.45
2017-08-27;LE10PK2;LE;100.0;98.45
2017-08-27;LE24RK3;LE;100.0;98.45
2017-08-27;SO03PJ1;SO;88.51;98.45
2017-08-27;VA35WK1;VA;60.2;98.45
2017-08-27;VA70GK2;VA;100.0;98.45
2017-08-27;BU06GK2;BU;100.0;98.46
2017-08-27;LE25PJ2;LE;100.0;98.46
2017-08-27;LE27WJ2;LE;99.0;98.46
2017-08-27;SA02PK2;SA;100.0;98.46
2017-08-27;SA12PK3;SA;100.0;98.46
2017-08-27;SO05PJ1;SO;100.0;98.46
2017-08-27;SX12IJ1;SX;99.92;98.46
2017-08-27;VA14WJ2;VA;100.0;98.46
2017-08-27;VA33GJ3;VA;100.0;98.46
2017-08-27;VA51WJ2;VA;100.0;98.46
2017-08-27;VA70GJ2;VA;99.85;98.46
2017-08-27;ZA20WJ2;ZA;93.86;98.46
2017-08-27;LE37WJ1;LE;100.0;98.47
2017-08-27;SG33WM2;SG;100.0;98.47
2017-08-27;SX24WJ2;SX;99.98;98.47
2017-08-27;SX37WJ1;SX;100.0;98.47
2017-08-27;VA67WJ3;VA;85.64;98.47
2017-08-27;BU08GJ2;BU;44.57;98.48
2017-08-27;LE18WJ1;LE;100.0;98.48
2017-08-27;PX01PK2;PX;100.0;98.48
2017-08-27;PX02PJ2;PX;100.0;98.48
2017-08-27;SX25WJ1;SX;99.93;98.48
2017-08-27;SX38WJ2;SX;100.0;98.48
2017-08-27;VA10WJ3;VA;89.56;98.48
2017-08-27;BU03WK2;BU;100.0;98.49
2017-08-27;LE30PK3;LE;100.0;98.49
2017-08-27;PX11IJ1;PX;100.0;98.49
2017-08-27;VA61GJ2;VA;100.0;98.49
2017-08-27;ZA97IJ2;ZA;100.0;98.49
2017-08-27;BU05KK2;BU;100.0;98.5
2017-08-27;BU19WJ1;BU;100.0;98.5
2017-08-27;LE12IJ2;LE;99.98;98.5
2017-08-27;LE35PK1;LE;100.0;98.5
2017-08-27;LE39PJ2;LE;100.0;98.5
2017-08-27;LE40RJ2;LE;99.89;98.5
2017-08-27;LE41WJ3;LE;100.0;98.5
2017-08-27;SA05PK3;SA;100.0;98.5
2017-08-27;SX89WJ3;SX;99.9;98.5
2017-08-27;BU02GK2;BU;100.0;98.51
2017-08-27;SX41WJ2;SX;100.0;98.51
2017-08-27;VA60GK1;VA;99.99;98.51
2017-08-27;AV05WK2;AV;99.63;98.52
2017-08-27;BU07GK2;BU;100.0;98.52
2017-08-27;LE01PK1;LE;100.0;98.52
2017-08-27;LE08IJ2;LE;100.0;98.52
2017-08-27;PX02PJ1;PX;100.0;98.52
2017-08-27;PX28IJ2;PX;50.36;98.52
2017-08-27;SO10PJ3;SO;98.78;98.52
2017-08-27;VA45WJ3;VA;100.0;98.52
2017-08-27;BU03KJ2;BU;100.0;98.53
2017-08-27;LE07PJ1;LE;100.0;98.53
2017-08-27;SG06WJ1;SG;99.9;98.53
2017-08-27;VA38GK3;VA;100.0;98.53
2017-08-27;VA73WJ3;VA;96.78;98.53
2017-08-27;BU44GK3;BU;100.0;98.54
2017-08-27;LE18IJ2;LE;99.89;98.54
2017-08-27;SX09WJ1;SX;99.97;98.54
2017-08-27;SX24WJ1;SX;99.93;98.54
2017-08-27;VA08GK2;VA;99.99;98.54
2017-08-27;VA11GK3;VA;100.0;98.54
2017-08-27;SA46WJ1;SA;100.0;98.55
2017-08-27;SO03PJ3;SO;69.93;98.55
2017-08-27;SX36WJ3;SX;100.0;98.55
2017-08-27;VA07GJ2;VA;100.0;98.55
2017-08-27;VA28GK3;VA;99.96;98.55
2017-08-27;AV17WK2;AV;55.72;98.56
2017-08-27;AV20PJ1;AV;99.8;98.56
2017-08-27;LE30PJ2;LE;100.0;98.56
2017-08-27;LE33PJ2;LE;100.0;98.56
2017-08-27;LE90WJ2;LE;99.25;98.56
2017-08-27;SO11PK2;SO;100.0;98.56
2017-08-27;VA16WK3;VA;100.0;98.56
2017-08-27;VA31WJ3;VA;97.64;98.56
2017-08-27;SA11PK1;SA;99.93;98.57
2017-08-27;SA20PK2;SA;100.0;98.57
2017-08-27;SO11PJ1;SO;96.0;98.57
2017-08-27;VA35WJ1;VA;94.73;98.57
2017-08-27;BU08GJ1;BU;99.91;98.58
2017-08-27;BU71GJ4;BU;100.0;98.58
2017-08-27;LE31PK2;LE;99.93;98.58
2017-08-27;SA09PK3;SA;99.96;98.58
2017-08-27;SX51WJ2;SX;100.0;98.58
2017-08-27;VA36GK1;VA;100.0;98.58
2017-08-27;BU09KK3;BU;100.0;98.59
2017-08-27;BU49GJ2;BU;100.0;98.59
2017-08-27;LE25PJ1;LE;100.0;98.59
2017-08-27;SX35WJ2;SX;100.0;98.59
2017-08-27;VA19GK1;VA;100.0;98.59
2017-08-27;AV17PJ2;AV;100.0;98.6
2017-08-27;BU17GK1;BU;100.0;98.6
2017-08-27;BU23GK1;BU;100.0;98.6
2017-08-27;BU44GK1;BU;100.0;98.6
2017-08-27;BU49WJ3;BU;100.0;98.6
2017-08-27;LE09PJ1;LE;100.0;98.6
2017-08-27;LE74WJ3;LE;100.0;98.6
2017-08-27;SA06WJ2;SA;99.91;98.6
2017-08-27;SA14PK1;SA;100.0;98.6
2017-08-27;SA44WJ2;SA;100.0;98.6
2017-08-27;SX12IJ2;SX;100.0;98.6
2017-08-27;SX32WJ1;SX;100.0;98.6
2017-08-27;SX71WJ3;SX;99.99;98.6
2017-08-27;BU45GJ1;BU;100.0;98.61
2017-08-27;BU72WJ1;BU;99.91;98.61
2017-08-27;LE56IJ3;LE;99.98;98.61
2017-08-27;SO10WJ3;SO;97.71;98.61
2017-08-27;VA29GK2;VA;100.0;98.61
2017-08-27;VA60GK3;VA;99.99;98.61
2017-08-27;ZA40WJ1;ZA;100.0;98.61
2017-08-27;ZA51WJ3;ZA;100.0;98.61
2017-08-27;ZA96WJ2;ZA;99.97;98.61
2017-08-27;AV02PK3;AV;99.9;98.62
2017-08-27;LE25PK2;LE;100.0;98.62
2017-08-27;LE95IJ2;LE;100.0;98.62
2017-08-27;PX01PK1;PX;100.0;98.62
2017-08-27;BU10GK2;BU;100.0;98.63
2017-08-27;LE40IJ1;LE;100.0;98.63
2017-08-27;PX14IJ2;PX;100.0;98.63
2017-08-27;PX64RK2;PX;100.0;98.63
2017-08-27;SG05PJ2;SG;65.21;98.63
2017-08-27;SO17WJ1;SO;55.64;98.63
2017-08-27;SX83WJ1;SX;100.0;98.63
2017-08-27;ZA50WJ1;ZA;100.0;98.63
2017-08-27;ZA97IJ1;ZA;99.98;98.63
2017-08-27;SX36WJ2;SX;100.0;98.64
2017-08-27;SX89WJ1;SX;99.92;98.64
2017-08-27;VA14GJ1;VA;99.98;98.64
2017-08-27;VA19GK3;VA;100.0;98.64
2017-08-27;VA85GK1;VA;100.0;98.64
2017-08-27;ZA03PK1;ZA;100.0;98.64
2017-08-27;PX40IJ1;PX;100.0;98.65
2017-08-27;VA23GK3;VA;99.85;98.65
2017-08-27;AV04PJ3;AV;100.0;98.66
2017-08-27;SG38WM3;SG;100.0;98.66
2017-08-27;SO01WJ2;SO;98.16;98.66
2017-08-27;SX41WJ1;SX;100.0;98.66
2017-08-27;SX71WJ1;SX;99.84;98.66
2017-08-27;VA01GJ3;VA;100.0;98.66
2017-08-27;VA03KJ1;VA;100.0;98.66
2017-08-27;BU06GJ2;BU;100.0;98.67
2017-08-27;LE48PK3;LE;99.98;98.67
2017-08-27;LE73WJ4;LE;98.79;98.67
2017-08-27;SX19IJ2;SX;100.0;98.67
2017-08-27;VA02GK1;VA;99.99;98.67
2017-08-27;VA20WK2;VA;97.85;98.67
2017-08-27;VA42WK3;VA;96.26;98.67
2017-08-27;ZA14PJ2;ZA;100.0;98.67
2017-08-27;BU01KJ1;BU;100.0;98.68
2017-08-27;BU54GK1;BU;100.0;98.68
2017-08-27;LE20RK3;LE;100.0;98.68
2017-08-27;LE31PK1;LE;100.0;98.68
2017-08-27;LE38PJ1;LE;100.0;98.68
2017-08-27;LE79WJ2;LE;100.0;98.68
2017-08-27;PX20PK2;PX;100.0;98.68
2017-08-27;SG05PJ1;SG;50.97;98.68
2017-08-27;SO03PK1;SO;100.0;98.68
2017-08-27;VA11WJ2;VA;73.73;98.68
2017-08-27;BU29GJ2;BU;100.0;98.69
2017-08-27;SA20WJ2;SA;100.0;98.69
2017-08-27;VA06GL1;VA;100.0;98.69
2017-08-27;AV01WJ1;AV;100.0;98.7
2017-08-27;SA05PK1;SA;99.97;98.7
2017-08-27;SX59WJ1;SX;100.0;98.7
2017-08-27;VA08GK3;VA;100.0;98.7
2017-08-27;VA30WK2;VA;99.72;98.7
2017-08-27;ZA13PK3;ZA;100.0;98.7
2017-08-27;BU25GK3;BU;100.0;98.71
2017-08-27;BU27GK2;BU;100.0;98.71
2017-08-27;BU44GK2;BU;100.0;98.71
2017-08-27;LE21RK2;LE;100.0;98.71
2017-08-27;SG25PJ1;SG;89.95;98.71
2017-08-27;SG25PK2;SG;99.83;98.71
2017-08-27;VA17GK1;VA;100.0;98.71
2017-08-27;VA28GK1;VA;99.95;98.71
2017-08-27;ZA03PJ1;ZA;100.0;98.71
2017-08-27;BU25GJ2;BU;82.64;98.72
2017-08-27;LE01PK2;LE;100.0;98.72
2017-08-27;LE21PK2;LE;100.0;98.72
2017-08-27;PX07PK1;PX;100.0;98.72
2017-08-27;SG08RJ1;SG;98.82;98.72
2017-08-27;SG18WJ3;SG;27.25;98.72
2017-08-27;SX23IJ2;SX;100.0;98.72
2017-08-27;LE10PK1;LE;100.0;98.73
2017-08-27;SG07WK3;SG;79.05;98.73
2017-08-27;SO01PJ1;SO;99.88;98.73
2017-08-27;SO04PJ3;SO;97.64;98.73
2017-08-27;SX06WJ1;SX;100.0;98.73
2017-08-27;VA18WJ3;VA;100.0;98.73
2017-08-27;VA47WJ3;VA;100.0;98.73
2017-08-27;ZA03WJ2;ZA;100.0;98.73
2017-08-27;AV02PJ3;AV;99.49;98.74
2017-08-27;AV14WK3;AV;93.89;98.74
2017-08-27;BU03WK3;BU;100.0;98.74
2017-08-27;BU12GJ3;BU;95.8;98.74
2017-08-27;BU20GK2;BU;100.0;98.74
2017-08-27;VA01GK1;VA;100.0;98.74
2017-08-27;VA30WK1;VA;96.03;98.74
2017-08-27;VA36WJ3;VA;99.94;98.74
2017-08-27;ZA20WJ1;ZA;89.41;98.74
2017-08-27;LE56IJ2;LE;99.97;98.75
2017-08-27;SA19PK2;SA;100.0;98.75
2017-08-27;SX26IJ3;SX;99.9;98.75
2017-08-27;ZA15PJ3;ZA;100.0;98.75
2017-08-27;LE07PK2;LE;98.11;98.76
2017-08-27;LE20RK2;LE;100.0;98.76
2017-08-27;PX40IJ3;PX;100.0;98.76
2017-08-27;SA02PJ3;SA;100.0;98.76
2017-08-27;SA15PJ1;SA;99.6;98.76
2017-08-27;SA20PK1;SA;100.0;98.76
2017-08-27;SO08PK1;SO;100.0;98.76
2017-08-27;SX52WJ1;SX;100.0;98.76
2017-08-27;VA43GK3;VA;100.0;98.76
2017-08-27;VA49WJ1;VA;99.85;98.76
2017-08-27;ZA03PJ3;ZA;100.0;98.76
2017-08-27;AV15WJ3;AV;96.33;98.77
2017-08-27;BU01GK2;BU;100.0;98.77
2017-08-27;BU01GK3;BU;100.0;98.77
2017-08-27;SG05PK1;SG;93.04;98.77
2017-08-27;SX20WJ1;SX;100.0;98.77
2017-08-27;SX29WJ1;SX;99.99;98.77
2017-08-27;SX38WJ3;SX;99.98;98.77
2017-08-27;VA01WJ1;VA;99.56;98.77
2017-08-27;VA45GJ2;VA;100.0;98.77
2017-08-27;ZA19PJ1;ZA;100.0;98.77
2017-08-27;AV24WM2;AV;100.0;98.78
2017-08-27;BU08GK2;BU;100.0;98.78
2017-08-27;BU25GJ3;BU;100.0;98.78
2017-08-27;LE03PJ3;LE;100.0;98.78
2017-08-27;LE44PK3;LE;100.0;98.78
2017-08-27;SA16PJ2;SA;100.0;98.78
2017-08-27;SG02PK1;SG;92.94;98.78
2017-08-27;SO03PK3;SO;99.88;98.78
2017-08-27;VA01WK2;VA;100.0;98.78
2017-08-27;VA07GJ1;VA;100.0;98.78
2017-08-27;VA39WJ2;VA;62.27;98.78
2017-08-27;VA47WJ2;VA;100.0;98.78
2017-08-27;AV01PK2;AV;100.0;98.79
2017-08-27;BU02GK3;BU;100.0;98.79
2017-08-27;LE07PJ3;LE;100.0;98.79
2017-08-27;SA03WJ3;SA;100.0;98.79
2017-08-27;SA29WJ3;SA;100.0;98.79
2017-08-27;SG04PK1;SG;98.52;98.79
2017-08-27;SX23IJ1;SX;100.0;98.79
2017-08-27;VA14GK2;VA;100.0;98.79
2017-08-27;VA57GJ3;VA;100.0;98.79
2017-08-27;ZA07PJ2;ZA;99.88;98.79
2017-08-27;BU13GK1;BU;100.0;98.8
2017-08-27;LE09PK1;LE;100.0;98.8
2017-08-27;LE22PJ3;LE;100.0;98.8
2017-08-27;LE92IJ3;LE;100.0;98.8
2017-08-27;SA01PJ1;SA;100.0;98.8
2017-08-27;SA48PK2;SA;100.0;98.8
2017-08-27;SX81WJ3;SX;100.0;98.8
2017-08-27;VA03KJ2;VA;99.36;98.8
2017-08-27;VA16GK3;VA;100.0;98.8
2017-08-27;VA29WJ3;VA;99.77;98.8
2017-08-27;VA61GK2;VA;100.0;98.8
2017-08-27;VA70GK1;VA;99.64;98.8
2017-08-27;BU05RK1;BU;100.0;98.81
2017-08-27;BU29GK1;BU;100.0;98.81
2017-08-27;BU55WK2;BU;98.99;98.81
2017-08-27;LE09PJ3;LE;100.0;98.81
2017-08-27;LE73WJ3;LE;99.95;98.81
2017-08-27;SG24WJ3;SG;88.84;98.81
2017-08-27;SX42WJ1;SX;100.0;98.81
2017-08-27;SX49WJ1;SX;100.0;98.81
2017-08-27;VA14GK1;VA;100.0;98.81
2017-08-27;VA50GK3;VA;100.0;98.81
2017-08-27;VA54WJ3;VA;98.04;98.81
2017-08-27;ZA28RK3;ZA;100.0;98.81
2017-08-27;AV05PK1;AV;100.0;98.82
2017-08-27;AV14WK1;AV;98.4;98.82
2017-08-27;BU06GJ1;BU;99.74;98.82
2017-08-27;BU10KJ2;BU;98.62;98.82
2017-08-27;BU11GJ2;BU;99.91;98.82
2017-08-27;BU24GK1;BU;100.0;98.82
2017-08-27;PX64RJ2;PX;100.0;98.82
2017-08-27;SG05PK2;SG;76.76;98.82
2017-08-27;SX67WJ2;SX;99.99;98.82
2017-08-27;VA05WK3;VA;100.0;98.82
2017-08-27;VA17GK3;VA;99.99;98.82
2017-08-27;VA44GJ3;VA;100.0;98.82
2017-08-27;ZA01PK2;ZA;100.0;98.82
2017-08-27;BU02KJ3;BU;100.0;98.83
2017-08-27;BU14GK3;BU;100.0;98.83
2017-08-27;BU23GK3;BU;100.0;98.83
2017-08-27;LE41RJ3;LE;99.87;98.83
2017-08-27;SA20PJ1;SA;99.97;98.83
2017-08-27;SO08WK1;SO;100.0;98.83
2017-08-27;VA09GK1;VA;100.0;98.83
2017-08-27;BU06KK2;BU;99.96;98.84
2017-08-27;BU45GJ2;BU;100.0;98.84
2017-08-27;PX02PK2;PX;100.0;98.84
2017-08-27;PX09IJ3;PX;99.97;98.84
2017-08-27;PX16IJ2;PX;100.0;98.84
2017-08-27;SA01PK1;SA;100.0;98.84
2017-08-27;SA16PK3;SA;100.0;98.84
2017-08-27;VA17GJ1;VA;100.0;98.84
2017-08-27;BU12WJ3;BU;100.0;98.85
2017-08-27;BU26GJ2;BU;99.65;98.85
2017-08-27;BU41GK1;BU;100.0;98.85
2017-08-27;LE40RK2;LE;99.87;98.85
2017-08-27;SA16PJ1;SA;100.0;98.85
2017-08-27;SG07WK1;SG;99.55;98.85
2017-08-27;VA03GK2;VA;99.99;98.85
2017-08-27;VA29WJ1;VA;100.0;98.85
2017-08-27;VA45GJ3;VA;100.0;98.85
2017-08-27;BU03GJ1;BU;96.04;98.86
2017-08-27;LE15WJ2;LE;100.0;98.86
2017-08-27;LE57IJ1;LE;99.36;98.86
2017-08-27;SX56WJ2;SX;100.0;98.86
2017-08-27;VA32GJ1;VA;100.0;98.86
2017-08-27;VA70GJ3;VA;99.37;98.86
2017-08-27;ZA05WJ1;ZA;100.0;98.86
2017-08-27;BU10GK3;BU;100.0;98.87
2017-08-27;BU11GK1;BU;100.0;98.87
2017-08-27;LE03PK1;LE;99.24;98.87
2017-08-27;LE04PJ1;LE;64.28;98.87
2017-08-27;LE09PK2;LE;100.0;98.87
2017-08-27;SA03WJ1;SA;100.0;98.87
2017-08-27;SA20PJ2;SA;100.0;98.87
2017-08-27;SO05PK2;SO;100.0;98.87
2017-08-27;SX46WJ3;SX;100.0;98.87
2017-08-27;SX54WJ3;SX;100.0;98.87
2017-08-27;ZA13PK2;ZA;100.0;98.87
2017-08-27;AV23WK2;AV;99.03;98.88
2017-08-27;BU02KJ2;BU;100.0;98.88
2017-08-27;BU41GK2;BU;100.0;98.88
2017-08-27;LE15KK3;LE;100.0;98.88
2017-08-27;SO05PJ3;SO;98.79;98.88
2017-08-27;VA30WJ2;VA;96.42;98.88
2017-08-27;VA61GK1;VA;99.82;98.88
2017-08-27;ZA05PJ1;ZA;100.0;98.88
2017-08-27;AV30PJ1;AV;100.0;98.89
2017-08-27;AV31PJ2;AV;100.0;98.89
2017-08-27;BU03GJ2;BU;100.0;98.89
2017-08-27;BU17RJ3;BU;98.43;98.89
2017-08-27;BU20WJ1;BU;100.0;98.89
2017-08-27;BU23GK2;BU;99.99;98.89
2017-08-27;BU32WJ3;BU;100.0;98.89
2017-08-27;LE05KK1;LE;99.98;98.89
2017-08-27;SA32WJ1;SA;100.0;98.89
2017-08-27;SX61WJ2;SX;100.0;98.89
2017-08-27;VA01WK3;VA;100.0;98.89
2017-08-27;VA07GK3;VA;100.0;98.89
2017-08-27;BU02WK2;BU;100.0;98.9
2017-08-27;BU19WM2;BU;100.0;98.9
2017-08-27;BU24GJ1;BU;98.62;98.9
2017-08-27;BU71GJ2;BU;89.77;98.9
2017-08-27;LE19IJ1;LE;99.95;98.9
2017-08-27;LE46PK1;LE;100.0;98.9
2017-08-27;LE75WJ3;LE;100.0;98.9
2017-08-27;SA15PK1;SA;99.96;98.9
2017-08-27;SX12IJ3;SX;100.0;98.9
2017-08-27;SX62WJ2;SX;99.99;98.9
2017-08-27;VA38WK1;VA;76.74;98.9
2017-08-27;VA57GJ1;VA;100.0;98.9
2017-08-27;LE88IJ2;LE;100.0;98.91
2017-08-27;SG21WK1;SG;86.41;98.91
2017-08-27;SO04PK1;SO;100.0;98.91
2017-08-27;ZA52WJ1;ZA;100.0;98.91
2017-08-27;LE07KK2;LE;99.99;98.92
2017-08-27;LE11KK1;LE;100.0;98.92
2017-08-27;LE37PK3;LE;100.0;98.92
2017-08-27;LE67WJ1;LE;100.0;98.92
2017-08-27;SA02PK3;SA;100.0;98.92
2017-08-27;SA02WJ3;SA;99.92;98.92
2017-08-27;SG08RJ2;SG;98.26;98.92
2017-08-27;VA16GJ2;VA;100.0;98.92
2017-08-27;VA16WJ1;VA;100.0;98.92
2017-08-27;VA60GJ2;VA;99.97;98.92
2017-08-27;VA63WJ3;VA;88.93;98.92
2017-08-27;AV11WK1;AV;100.0;98.93
2017-08-27;AV23WK3;AV;99.88;98.93
2017-08-27;LE05PK1;LE;100.0;98.93
2017-08-27;LE32WJ2;LE;100.0;98.93
2017-08-27;LE46PK2;LE;100.0;98.93
2017-08-27;LE90IJ3;LE;100.0;98.93
2017-08-27;PX07PK2;PX;100.0;98.93
2017-08-27;PX08IJ3;PX;100.0;98.93
2017-08-27;VA16WJ2;VA;99.98;98.93
2017-08-27;VA35WK3;VA;97.91;98.93
2017-08-27;VA44GJ2;VA;100.0;98.93
2017-08-27;SG01PK1;SG;99.0;98.94
2017-08-27;VA02GK2;VA;100.0;98.94
2017-08-27;VA15GK3;VA;100.0;98.94
2017-08-27;VA20WJ1;VA;99.96;98.94
2017-08-27;VA44GJ1;VA;99.61;98.94
2017-08-27;VA46WK3;VA;100.0;98.94
2017-08-27;AV30WJ1;AV;99.87;98.95
2017-08-27;AV32WJ1;AV;12.57;98.95
2017-08-27;BU06RK2;BU;100.0;98.95
2017-08-27;BU21GK2;BU;100.0;98.95
2017-08-27;LE34PK3;LE;99.97;98.95
2017-08-27;PX08IJ1;PX;100.0;98.95
2017-08-27;SA07PK2;SA;100.0;98.95
2017-08-27;SA27PK1;SA;100.0;98.95
2017-08-27;SX76WJ1;SX;99.99;98.95
2017-08-27;VA23GK1;VA;100.0;98.95
2017-08-27;ZA03WJ1;ZA;100.0;98.95
2017-08-27;BU56WJ3;BU;100.0;98.96
2017-08-27;LE05KK3;LE;100.0;98.96
2017-08-27;LE68WJ1;LE;100.0;98.96
2017-08-27;PX02PK3;PX;100.0;98.96
2017-08-27;PX05IJ2;PX;100.0;98.96
2017-08-27;PX21IJ1;PX;100.0;98.96
2017-08-27;SA04PK2;SA;100.0;98.96
2017-08-27;SA14PK3;SA;100.0;98.96
2017-08-27;SG29WM1;SG;100.0;98.96
2017-08-27;SX19IJ1;SX;100.0;98.96
2017-08-27;SX56WJ3;SX;100.0;98.96
2017-08-27;VA66GJ1;VA;99.97;98.96
2017-08-27;VA99GK2;VA;100.0;98.96
2017-08-27;ZA03PK2;ZA;100.0;98.96
2017-08-27;BU17GJ2;BU;100.0;98.97
2017-08-27;LE09WJ3;LE;98.65;98.97
2017-08-27;LE22PK1;LE;100.0;98.97
2017-08-27;LE48PK1;LE;100.0;98.97
2017-08-27;LE88IJ1;LE;100.0;98.97
2017-08-27;ZA96WJ1;ZA;99.91;98.97
2017-08-27;BU06RK3;BU;100.0;98.98
2017-08-27;BU49OK2;BU;100.0;98.98
2017-08-27;LE22PJ2;LE;100.0;98.98
2017-08-27;LE32PJ2;LE;100.0;98.98
2017-08-27;PX20PK3;PX;100.0;98.98
2017-08-27;SG16WJ2;SG;48.34;98.98
2017-08-27;SO01PJ2;SO;100.0;98.98
2017-08-27;VA01GJ2;VA;100.0;98.98
2017-08-27;VA64WJ1;VA;56.98;98.98
2017-08-27;AV08PK3;AV;100.0;98.99
2017-08-27;BU03WK1;BU;100.0;98.99
2017-08-27;BU28GJ1;BU;100.0;98.99
2017-08-27;BU45GK3;BU;100.0;98.99
2017-08-27;LE19PJ1;LE;100.0;98.99
2017-08-27;LE34IJ1;LE;99.25;98.99
2017-08-27;LE36PJ1;LE;100.0;98.99
2017-08-27;PX10RK1;PX;100.0;98.99
2017-08-27;SA01PK3;SA;100.0;98.99
2017-08-27;SO01PK3;SO;100.0;98.99
2017-08-27;VA36GK3;VA;100.0;98.99
2017-08-27;VA66GK1;VA;99.79;98.99
2017-08-27;VA99GJ1;VA;100.0;98.99
2017-08-27;AV09WK3;AV;100.0;99.0
2017-08-27;BU02WJ2;BU;100.0;99.0
2017-08-27;BU19WJ3;BU;100.0;99.0
2017-08-27;LE25IJ1;LE;100.0;99.0
2017-08-27;SA13PK2;SA;100.0;99.0
2017-08-27;SG01PK3;SG;99.67;99.0
2017-08-27;SG17WJ2;SG;93.2;99.0
2017-08-27;SO11PJ2;SO;100.0;99.0
2017-08-27;SX48WJ1;SX;100.0;99.0
2017-08-27;VA07RJ2;VA;99.93;99.0
2017-08-27;VA29WK2;VA;100.0;99.0
2017-08-27;VA50GK1;VA;100.0;99.0
2017-08-27;VA55WJ1;VA;99.97;99.0
2017-08-27;VA55WJ2;VA;99.67;99.0
2017-08-27;VA60GK2;VA;99.99;99.0
2017-08-27;LE11KK2;LE;99.98;99.01
2017-08-27;LE74WJ2;LE;100.0;99.01
2017-08-27;PX04IJ2;PX;100.0;99.01
2017-08-27;SG21WJ2;SG;75.73;99.01
2017-08-27;VA46WK2;VA;99.88;99.01
2017-08-27;VA50GJ1;VA;100.0;99.01
2017-08-27;VA99GK1;VA;100.0;99.01
2017-08-27;AV14WJ1;AV;91.84;99.02
2017-08-27;BU05KJ1;BU;100.0;99.02
2017-08-27;BU55WK3;BU;99.97;99.02
2017-08-27;LE34IJ2;LE;100.0;99.02
2017-08-27;LE98IJ2;LE;99.96;99.02
2017-08-27;PX05IJ1;PX;100.0;99.02
2017-08-27;SA08WJ3;SA;100.0;99.02
2017-08-27;SA10WJ2;SA;100.0;99.02
2017-08-27;SA20PJ3;SA;100.0;99.02
2017-08-27;SA27PK2;SA;99.99;99.02
2017-08-27;SO04PJ1;SO;99.51;99.02
2017-08-27;SX76WJ2;SX;99.97;99.02
2017-08-27;VA01GK3;VA;100.0;99.02
2017-08-27;VA61GJ1;VA;100.0;99.02
2017-08-27;VA69WJ1;VA;98.43;99.02
2017-08-27;ZA07PK3;ZA;100.0;99.02
2017-08-27;AV05PK2;AV;99.99;99.03
2017-08-27;AV11WK2;AV;100.0;99.03
2017-08-27;AV27WJ1;AV;99.45;99.03
2017-08-27;LE06PK2;LE;99.59;99.03
2017-08-27;LE79WJ3;LE;99.76;99.03
2017-08-27;SA51WK2;SA;100.0;99.03
2017-08-27;SA52WK2;SA;100.0;99.03
2017-08-27;SA68WJ2;SA;100.0;99.03
2017-08-27;VA22WM2;VA;100.0;99.03
2017-08-27;VA55WJ3;VA;100.0;99.03
2017-08-27;VA73WJ2;VA;46.0;99.03
2017-08-27;BU08GK3;BU;100.0;99.04
2017-08-27;BU43GK2;BU;100.0;99.04
2017-08-27;LE40RJ1;LE;98.41;99.04
2017-08-27;LE53WJ2;LE;100.0;99.04
2017-08-27;SG03RJ1;SG;93.26;99.04
2017-08-27;SG04PJ3;SG;91.19;99.04
2017-08-27;SG43WM2;SG;100.0;99.04
2017-08-27;VA03KJ3;VA;97.14;99.04
2017-08-27;VA18WJ1;VA;100.0;99.04
2017-08-27;VA26GK2;VA;100.0;99.04
2017-08-27;ZA01PJ2;ZA;100.0;99.04
2017-08-27;BU07GK1;BU;100.0;99.05
2017-08-27;BU17GK2;BU;100.0;99.05
2017-08-27;BU42GK2;BU;100.0;99.05
2017-08-27;LE04PK1;LE;100.0;99.05
2017-08-27;LE07WJ2;LE;99.99;99.05
2017-08-27;LE20PK2;LE;100.0;99.05
2017-08-27;SA07PJ3;SA;100.0;99.05
2017-08-27;SA22WJ2;SA;99.93;99.05
2017-08-27;SG21WJ1;SG;36.26;99.05
2017-08-27;SO04PJ2;SO;100.0;99.05
2017-08-27;SX33WJ2;SX;100.0;99.05
2017-08-27;SX83WJ3;SX;100.0;99.05
2017-08-27;VA09GJ3;VA;100.0;99.05
2017-08-27;VA42WJ1;VA;100.0;99.05
2017-08-27;VA45GK1;VA;100.0;99.05
2017-08-27;ZA05PK3;ZA;100.0;99.05
2017-08-27;ZA14PK3;ZA;100.0;99.05
2017-08-27;BU27GK3;BU;100.0;99.06
2017-08-27;LE30PK1;LE;100.0;99.06
2017-08-27;LE89WJ2;LE;99.52;99.06
2017-08-27;PX97IJ2;PX;100.0;99.06
2017-08-27;VA10GJ1;VA;100.0;99.06
2017-08-27;ZA28RK1;ZA;100.0;99.06
2017-08-27;AV08WK3;AV;99.98;99.07
2017-08-27;BU03GK1;BU;100.0;99.07
2017-08-27;LE30PK2;LE;100.0;99.07
2017-08-27;SA18WJ3;SA;99.99;99.07
2017-08-27;SX18WJ1;SX;100.0;99.07
2017-08-27;VA12GK1;VA;100.0;99.07
2017-08-27;VA45GJ1;VA;99.88;99.07
2017-08-27;AV16PK1;AV;100.0;99.08
2017-08-27;BU10KJ1;BU;94.79;99.08
2017-08-27;LE07IJ1;LE;99.19;99.08
2017-08-27;LE11WJ1;LE;100.0;99.08
2017-08-27;SX04WJ3;SX;100.0;99.08
2017-08-27;VA20GK3;VA;100.0;99.08
2017-08-27;VA67WJ2;VA;92.99;99.08
2017-08-27;ZA14PK1;ZA;100.0;99.08
2017-08-27;AV02PK2;AV;100.0;99.09
2017-08-27;LE07PK1;LE;99.83;99.09
2017-08-27;PX04IJ1;PX;100.0;99.09
2017-08-27;ZA01PK1;ZA;100.0;99.09
2017-08-27;AV04PK3;AV;100.0;99.1
2017-08-27;BU02WJ1;BU;100.0;99.1
2017-08-27;BU43GK1;BU;100.0;99.1
2017-08-27;LE23PK2;LE;97.74;99.1
2017-08-27;SA01PJ3;SA;99.95;99.1
2017-08-27;SA51WK3;SA;99.82;99.1
2017-08-27;SG02PK2;SG;66.17;99.1
2017-08-27;SG03PK3;SG;40.57;99.1
2017-08-27;SX55WJ3;SX;100.0;99.1
2017-08-27;VA11GK2;VA;100.0;99.1
2017-08-27;ZA05PK2;ZA;100.0;99.1
2017-08-27;ZA14PK2;ZA;100.0;99.1
2017-08-27;BU03WJ2;BU;100.0;99.11
2017-08-27;SA16PJ3;SA;100.0;99.11
2017-08-27;SG04PK2;SG;99.1;99.11
2017-08-27;SG13WK2;SG;83.31;99.11
2017-08-27;SX85WJ3;SX;99.96;99.11
2017-08-27;VA75GK3;VA;100.0;99.11
2017-08-27;VA83GK2;VA;100.0;99.11
2017-08-27;ZA02WJ3;ZA;100.0;99.11
2017-08-27;ZA10RK1;ZA;100.0;99.11
2017-08-27;ZA83WJ3;ZA;100.0;99.11
2017-08-27;AV31WJ1;AV;100.0;99.12
2017-08-27;BU49GK1;BU;100.0;99.12
2017-08-27;LE07PK3;LE;100.0;99.12
2017-08-27;LE30PJ3;LE;100.0;99.12
2017-08-27;LE59WJ1;LE;99.84;99.12
2017-08-27;PX03PK1;PX;100.0;99.12
2017-08-27;SA06WJ1;SA;100.0;99.12
2017-08-27;SG07WJ2;SG;96.26;99.12
2017-08-27;SG22WJ1;SG;38.4;99.12
2017-08-27;VA07GK2;VA;100.0;99.12
2017-08-27;BU22GK3;BU;100.0;99.13
2017-08-27;LE22PK2;LE;100.0;99.13
2017-08-27;LE32PJ3;LE;100.0;99.13
2017-08-27;LE41PK1;LE;100.0;99.13
2017-08-27;SG21WJ3;SG;79.98;99.13
2017-08-27;SO05PJ2;SO;100.0;99.13
2017-08-27;SO15PJ1;SO;100.0;99.13
2017-08-27;SX33WJ1;SX;100.0;99.13
2017-08-27;VA05GJ1;VA;100.0;99.13
2017-08-27;VA12WJ1;VA;94.28;99.13
2017-08-27;VA73WJ1;VA;29.9;99.13
2017-08-27;AV04PJ2;AV;99.96;99.14
2017-08-27;AV23WK1;AV;98.9;99.14
2017-08-27;BU29GK2;BU;100.0;99.14
2017-08-27;LE04KJ1;LE;100.0;99.14
2017-08-27;LE28WJ1;LE;99.98;99.14
2017-08-27;LE34PK1;LE;99.83;99.14
2017-08-27;LE36PJ2;LE;100.0;99.14
2017-08-27;LE48PK2;LE;100.0;99.14
2017-08-27;VA05GJ2;VA;100.0;99.14
2017-08-27;VA16GK2;VA;99.94;99.14
2017-08-27;VA18WJ2;VA;100.0;99.14
2017-08-27;VA22WM1;VA;100.0;99.14
2017-08-27;VA35WJ2;VA;79.64;99.14
2017-08-27;ZA05PJ2;ZA;100.0;99.14
2017-08-27;AV31WK1;AV;87.73;99.15
2017-08-27;BU08GJ3;BU;45.72;99.15
2017-08-27;PX21RJ3;PX;100.0;99.15
2017-08-27;PX64RK1;PX;100.0;99.15
2017-08-27;SA16PK1;SA;100.0;99.15
2017-08-27;SO17WJ2;SO;73.07;99.15
2017-08-27;VA07WJ2;VA;98.14;99.15
2017-08-27;VA29WJ2;VA;100.0;99.15
2017-08-27;VA33GK2;VA;100.0;99.15
2017-08-27;AV31PJ1;AV;100.0;99.16
2017-08-27;BU49GK2;BU;100.0;99.16
2017-08-27;BU49GK3;BU;100.0;99.16
2017-08-27;BU49OK1;BU;100.0;99.16
2017-08-27;LE01PJ3;LE;100.0;99.16
2017-08-27;LE10PJ3;LE;100.0;99.16
2017-08-27;PX09PK1;PX;100.0;99.16
2017-08-27;SA04PJ3;SA;100.0;99.16
2017-08-27;SO26WK2;SO;100.0;99.16
2017-08-27;SX41WJ3;SX;100.0;99.16
2017-08-27;SX58WJ1;SX;99.72;99.16
2017-08-27;SX62WJ1;SX;100.0;99.16
2017-08-27;SX81WJ2;SX;100.0;99.16
2017-08-27;VA01KK1;VA;99.97;99.16
2017-08-27;VA19GK2;VA;100.0;99.16
2017-08-27;VA57GK1;VA;100.0;99.16
2017-08-27;BU02KK1;BU;100.0;99.17
2017-08-27;BU02KK2;BU;99.96;99.17
2017-08-27;BU03KK3;BU;100.0;99.17
2017-08-27;LE32PK2;LE;100.0;99.17
2017-08-27;LE55IJ1;LE;99.51;99.17
2017-08-27;PX07PJ3;PX;100.0;99.17
2017-08-27;SA06PK1;SA;100.0;99.17
2017-08-27;SA27PK3;SA;100.0;99.17
2017-08-27;SO15PK1;SO;100.0;99.17
2017-08-27;VA90GK3;VA;100.0;99.17
2017-08-27;AV01WK3;AV;77.65;99.18
2017-08-27;AV19WJ1;AV;100.0;99.18
2017-08-27;BU22GK1;BU;100.0;99.18
2017-08-27;BU43GK3;BU;100.0;99.18
2017-08-27;BU44GJ3;BU;100.0;99.18
2017-08-27;LE15PK3;LE;100.0;99.18
2017-08-27;PX06PJ2;PX;100.0;99.18
2017-08-27;SA31WJ3;SA;100.0;99.18
2017-08-27;SG05PK3;SG;97.27;99.18
2017-08-27;SG21WK2;SG;90.41;99.18
2017-08-27;SO20WJ2;SO;100.0;99.18
2017-08-27;SX79WJ3;SX;100.0;99.18
2017-08-27;VA05WJ3;VA;99.92;99.18
2017-08-27;VA06GK2;VA;100.0;99.18
2017-08-27;VA33GK1;VA;100.0;99.18
2017-08-27;VA43GK2;VA;100.0;99.18
2017-08-27;ZA08PK1;ZA;100.0;99.18
2017-08-27;ZA15PK2;ZA;100.0;99.18
2017-08-27;AV09PK2;AV;100.0;99.19
2017-08-27;BU01WJ2;BU;100.0;99.19
2017-08-27;BU05KK3;BU;100.0;99.19
2017-08-27;BU11GK3;BU;100.0;99.19
2017-08-27;LE04PK2;LE;98.8;99.19
2017-08-27;LE08KK2;LE;100.0;99.19
2017-08-27;SA05WJ1;SA;99.76;99.19
2017-08-27;SA08WJ1;SA;100.0;99.19
2017-08-27;SA41WJ1;SA;100.0;99.19
2017-08-27;SA68WJ1;SA;99.84;99.19
2017-08-27;SG04RJ2;SG;72.76;99.19
2017-08-27;SX50WJ2;SX;100.0;99.19
2017-08-27;VA22GK1;VA;100.0;99.19
2017-08-27;VA60WJ3;VA;100.0;99.19
2017-08-27;AV01PK1;AV;100.0;99.2
2017-08-27;BU10GK1;BU;100.0;99.2
2017-08-27;BU12GK2;BU;100.0;99.2
2017-08-27;SG24PK2;SG;97.47;99.2
2017-08-27;VA15GK1;VA;100.0;99.2
2017-08-27;VA33GK3;VA;100.0;99.2
2017-08-27;VA61GK3;VA;100.0;99.2
2017-08-27;ZA10RK3;ZA;100.0;99.2
2017-08-27;AV16WK1;AV;19.88;99.21
2017-08-27;BU06WJ3;BU;100.0;99.21
2017-08-27;LE28WJ2;LE;100.0;99.21
2017-08-27;LE37PK1;LE;100.0;99.21
2017-08-27;PX07PJ1;PX;100.0;99.21
2017-08-27;SX42WJ2;SX;100.0;99.21
2017-08-27;LE42PK3;LE;99.99;99.22
2017-08-27;PX19IJ2;PX;100.0;99.22
2017-08-27;SA19WJ1;SA;99.75;99.22
2017-08-27;SA20WJ1;SA;100.0;99.22
2017-08-27;SG07WK2;SG;99.2;99.22
2017-08-27;VA14GJ3;VA;100.0;99.22
2017-08-27;VA20GK1;VA;100.0;99.22
2017-08-27;VA29GK1;VA;99.14;99.22
2017-08-27;VA32GK1;VA;100.0;99.22
2017-08-27;VA34WJ1;VA;92.46;99.22
2017-08-27;VA70WK1;VA;19.59;99.22
2017-08-27;AV04PL1;AV;100.0;99.23
2017-08-27;BU04KK1;BU;100.0;99.23
2017-08-27;LE04RK3;LE;100.0;99.23
2017-08-27;SA01PK2;SA;100.0;99.23
2017-08-27;SG05RJ2;SG;67.16;99.23
2017-08-27;SX23WJ1;SX;100.0;99.23
2017-08-27;VA39GJ1;VA;100.0;99.23
2017-08-27;VA55GK2;VA;100.0;99.23
2017-08-27;AV01PK3;AV;100.0;99.24
2017-08-27;LE14PK2;LE;100.0;99.24
2017-08-27;LE23WJ2;LE;98.9;99.24
2017-08-27;LE37PK2;LE;100.0;99.24
2017-08-27;PX21IJ2;PX;100.0;99.24
2017-08-27;PX64RJ3;PX;100.0;99.24
2017-08-27;SA11PK3;SA;100.0;99.24
2017-08-27;SA50WK1;SA;100.0;99.24
2017-08-27;VA14GK3;VA;99.99;99.24
2017-08-27;VA15WM3;VA;100.0;99.24
2017-08-27;VA19GJ3;VA;100.0;99.24
2017-08-27;VA39GK2;VA;100.0;99.24
2017-08-27;VA70GK3;VA;99.95;99.24
2017-08-27;BU71GK2;BU;100.0;99.25
2017-08-27;LE29IJ2;LE;99.93;99.25
2017-08-27;LE30WJ2;LE;99.44;99.25
2017-08-27;LE40RK1;LE;99.95;99.25
2017-08-27;PX02PL2;PX;100.0;99.25
2017-08-27;PX11PJ1;PX;100.0;99.25
2017-08-27;SG12PK2;SG;100.0;99.25
2017-08-27;SG25WJ2;SG;99.61;99.25
2017-08-27;VA07WJ1;VA;63.05;99.25
2017-08-27;VA16GK1;VA;100.0;99.25
2017-08-27;VA30WJ1;VA;99.95;99.25
2017-08-27;VA57WK2;VA;100.0;99.25
2017-08-27;ZA04PK3;ZA;100.0;99.25
2017-08-27;AV17RK2;AV;100.0;99.26
2017-08-27;BU55GK2;BU;100.0;99.26
2017-08-27;BU71GK3;BU;100.0;99.26
2017-08-27;LE44PK2;LE;99.98;99.26
2017-08-27;SA07PK3;SA;100.0;99.26
2017-08-27;SA19WJ3;SA;99.89;99.26
2017-08-27;SO02PK3;SO;99.93;99.26
2017-08-27;SX55WJ2;SX;100.0;99.26
2017-08-27;SX67WJ1;SX;99.98;99.26
2017-08-27;BU05KJ3;BU;100.0;99.27
2017-08-27;BU23WM1;BU;100.0;99.27
2017-08-27;BU29WK2;BU;100.0;99.27
2017-08-27;BU52GK2;BU;100.0;99.27
2017-08-27;LE01KK3;LE;100.0;99.27
2017-08-27;LE36PK1;LE;99.9;99.27
2017-08-27;LE89WJ1;LE;99.74;99.27
2017-08-27;PX20RJ1;PX;100.0;99.27
2017-08-27;SA18WJ2;SA;100.0;99.27
2017-08-27;SA43WJ3;SA;100.0;99.27
2017-08-27;SX20WJ2;SX;100.0;99.27
2017-08-27;VA48WJ3;VA;100.0;99.27
2017-08-27;ZA08PK2;ZA;100.0;99.27
2017-08-27;ZA70WJ2;ZA;100.0;99.27
2017-08-27;BU01KK1;BU;99.99;99.28
2017-08-27;BU07GK3;BU;100.0;99.28
2017-08-27;LE18PK1;LE;100.0;99.28
2017-08-27;LE45WJ1;LE;100.0;99.28
2017-08-27;LE53IJ1;LE;100.0;99.28
2017-08-27;PX01PJ2;PX;100.0;99.28
2017-08-27;SA48PK1;SA;100.0;99.28
2017-08-27;SG05RJ3;SG;100.0;99.28
2017-08-27;SO02WJ1;SO;100.0;99.28
2017-08-27;VA09GJ2;VA;100.0;99.28
2017-08-27;VA57GJ2;VA;100.0;99.28
2017-08-27;ZA04PJ3;ZA;100.0;99.28
2017-08-27;ZA15PJ2;ZA;100.0;99.28
2017-08-27;ZA51WJ1;ZA;100.0;99.28
2017-08-27;AV24WM3;AV;100.0;99.29
2017-08-27;BU21GK1;BU;100.0;99.29
2017-08-27;PX55PK1;PX;100.0;99.29
2017-08-27;SG06WK2;SG;99.94;99.29
2017-08-27;SG09WJ3;SG;99.54;99.29
2017-08-27;SO04PK2;SO;100.0;99.29
2017-08-27;SO04WK1;SO;100.0;99.29
2017-08-27;SX30WJ3;SX;99.95;99.29
2017-08-27;SX55WJ1;SX;100.0;99.29
2017-08-27;VA07GK1;VA;100.0;99.29
2017-08-27;VA10WJ1;VA;98.71;99.29
2017-08-27;VA29GK3;VA;100.0;99.29
2017-08-27;AV01PJ2;AV;100.0;99.3
2017-08-27;BU72WJ2;BU;86.39;99.3
2017-08-27;LE08PK1;LE;100.0;99.3
2017-08-27;PX03PK2;PX;99.99;99.3
2017-08-27;PX05PJ2;PX;100.0;99.3
2017-08-27;SO06PK2;SO;100.0;99.3
2017-08-27;SO11PK1;SO;100.0;99.3
2017-08-27;VA31WJ1;VA;90.04;99.3
2017-08-27;ZA01PK3;ZA;100.0;99.3
2017-08-27;BU08KK2;BU;99.72;99.31
2017-08-27;BU71GK1;BU;100.0;99.31
2017-08-27;LE10KK2;LE;100.0;99.31
2017-08-27;LE20PJ1;LE;100.0;99.31
2017-08-27;LE80WJ3;LE;99.64;99.31
2017-08-27;SA22WJ3;SA;99.9;99.31
2017-08-27;SG44WK3;SG;99.89;99.31
2017-08-27;SO04PK3;SO;100.0;99.31
2017-08-27;SX89WJ2;SX;99.91;99.31
2017-08-27;VA06GK3;VA;100.0;99.31
2017-08-27;VA09GK2;VA;100.0;99.31
2017-08-27;VA22GJ2;VA;100.0;99.31
2017-08-27;VA73GK3;VA;100.0;99.31
2017-08-27;ZA04PK2;ZA;100.0;99.31
2017-08-27;AV01PJ1;AV;100.0;99.32
2017-08-27;LE04PJ2;LE;83.07;99.32
2017-08-27;LE39PK3;LE;100.0;99.32
2017-08-27;LE47PK1;LE;100.0;99.32
2017-08-27;PX05PJ1;PX;100.0;99.32
2017-08-27;PX08PK1;PX;100.0;99.32
2017-08-27;SG04PK3;SG;99.61;99.32
2017-08-27;SO31WJ3;SO;91.68;99.32
2017-08-27;VA10GJ3;VA;100.0;99.32
2017-08-27;VA23GJ1;VA;99.95;99.32
2017-08-27;AV07PK3;AV;100.0;99.33
2017-08-27;AV20PK2;AV;99.91;99.33
2017-08-27;BU06WJ1;BU;100.0;99.33
2017-08-27;BU18GK3;BU;100.0;99.33
2017-08-27;LE08IJ1;LE;99.6;99.33
2017-08-27;LE19PK1;LE;100.0;99.33
2017-08-27;LE21PK1;LE;100.0;99.33
2017-08-27;PX28IJ1;PX;72.08;99.33
2017-08-27;SA01WJ1;SA;99.95;99.33
2017-08-27;SA48WJ2;SA;100.0;99.33
2017-08-27;SG33WJ1;SG;99.98;99.33
2017-08-27;SO26WJ2;SO;100.0;99.33
2017-08-27;AV02PJ1;AV;99.74;99.34
2017-08-27;AV04PL2;AV;100.0;99.34
2017-08-27;AV14WK2;AV;94.34;99.34
2017-08-27;BU13GK3;BU;100.0;99.34
2017-08-27;BU49GJ1;BU;100.0;99.34
2017-08-27;LE15IJ2;LE;100.0;99.34
2017-08-27;SA13WJ2;SA;100.0;99.34
2017-08-27;SX36WJ1;SX;100.0;99.34
2017-08-27;SX60WJ1;SX;100.0;99.34
2017-08-27;VA25GK1;VA;100.0;99.34
2017-08-27;VA72WK2;VA;99.63;99.34
2017-08-27;AV04PK2;AV;100.0;99.35
2017-08-27;AV31PK2;AV;100.0;99.35
2017-08-27;AV33PK2;AV;100.0;99.35
2017-08-27;BU02WK3;BU;100.0;99.35
2017-08-27;BU03GK2;BU;100.0;99.35
2017-08-27;BU03KJ1;BU;100.0;99.35
2017-08-27;LE39PJ3;LE;100.0;99.35
2017-08-27;PX09IJ2;PX;100.0;99.35
2017-08-27;SA25PK3;SA;99.96;99.35
2017-08-27;SO05PK1;SO;100.0;99.35
2017-08-27;SX08IJ2;SX;100.0;99.35
2017-08-27;VA90GK2;VA;100.0;99.35
2017-08-27;AV22WK2;AV;100.0;99.36
2017-08-27;LE06WJ3;LE;100.0;99.36
2017-08-27;VA03WJ1;VA;99.97;99.36
2017-08-27;VA05GK2;VA;100.0;99.36
2017-08-27;VA26GK3;VA;100.0;99.36
2017-08-27;AV37WK2;AV;100.0;99.37
2017-08-27;BU18GK2;BU;100.0;99.37
2017-08-27;VA01WJ3;VA;99.97;99.37
2017-08-27;VA02GK3;VA;100.0;99.37
2017-08-27;VA12GK2;VA;100.0;99.37
2017-08-27;VA38GJ2;VA;100.0;99.37
2017-08-27;BU32WJ2;BU;100.0;99.38
2017-08-27;LE01PK3;LE;100.0;99.38
2017-08-27;LE08PK3;LE;99.98;99.38
2017-08-27;LE17IJ1;LE;100.0;99.38
2017-08-27;LE25PJ3;LE;100.0;99.38
2017-08-27;LE69WJ2;LE;92.92;99.38
2017-08-27;LE98WJ1;LE;100.0;99.38
2017-08-27;PX02PK1;PX;100.0;99.38
2017-08-27;PX10RK2;PX;100.0;99.38
2017-08-27;SO10WJ1;SO;100.0;99.38
2017-08-27;SX18WJ2;SX;99.99;99.38
2017-08-27;SX48WJ2;SX;99.95;99.38
2017-08-27;VA06GK1;VA;100.0;99.38
2017-08-27;VA22GK3;VA;100.0;99.38
2017-08-27;VA30WK3;VA;100.0;99.38
2017-08-27;VA32GK2;VA;100.0;99.38
2017-08-27;AV20PK1;AV;99.75;99.39
2017-08-27;LE05RK1;LE;100.0;99.39
2017-08-27;LE32PK3;LE;100.0;99.39
2017-08-27;LE89WJ3;LE;99.97;99.39
2017-08-27;PX09PK3;PX;100.0;99.39
2017-08-27;PX55PK2;PX;100.0;99.39
2017-08-27;SG25PK1;SG;96.54;99.39
2017-08-27;SO20WJ3;SO;100.0;99.39
2017-08-27;VA18GK2;VA;99.98;99.39
2017-08-27;VA57GK3;VA;100.0;99.39
2017-08-27;AV30PJ3;AV;100.0;99.4
2017-08-27;BU01GK1;BU;100.0;99.4
2017-08-27;BU05RK3;BU;100.0;99.4
2017-08-27;BU12GK3;BU;100.0;99.4
2017-08-27;LE10PK3;LE;100.0;99.4
2017-08-27;LE15PK1;LE;99.99;99.4
2017-08-27;LE23PK3;LE;99.69;99.4
2017-08-27;LE38PK2;LE;100.0;99.4
2017-08-27;LE88WJ3;LE;100.0;99.4
2017-08-27;SG01WK3;SG;99.65;99.4
2017-08-27;SX76WJ3;SX;100.0;99.4
2017-08-27;VA18GK3;VA;100.0;99.4
2017-08-27;VA39GJ3;VA;100.0;99.4
2017-08-27;VA73GK2;VA;100.0;99.4
2017-08-27;ZA04PK1;ZA;100.0;99.4
2017-08-27;ZA15PK3;ZA;100.0;99.4
2017-08-27;BU16GK3;BU;100.0;99.41
2017-08-27;BU29WK3;BU;100.0;99.41
2017-08-27;LE03PK3;LE;99.97;99.41
2017-08-27;PX01RK2;PX;100.0;99.41
2017-08-27;PX08PK3;PX;100.0;99.41
2017-08-27;PX11PJ2;PX;100.0;99.41
2017-08-27;SA24WJ2;SA;99.99;99.41
2017-08-27;SO28WJ2;SO;100.0;99.41
2017-08-27;VA09GK3;VA;100.0;99.41
2017-08-27;VA74GK2;VA;100.0;99.41
2017-08-27;BU02GL3;BU;100.0;99.42
2017-08-27;BU18GK1;BU;100.0;99.42
2017-08-27;BU20GK3;BU;100.0;99.42
2017-08-27;BU36WJ3;BU;100.0;99.42
2017-08-27;LE05PK2;LE;100.0;99.42
2017-08-27;PX02RK2;PX;100.0;99.42
2017-08-27;PX20RJ2;PX;100.0;99.42
2017-08-27;SA03PL2;SA;100.0;99.42
2017-08-27;SX54WJ2;SX;100.0;99.42
2017-08-27;VA50GK2;VA;100.0;99.42
2017-08-27;VA58GK2;VA;100.0;99.42
2017-08-27;ZA07PK1;ZA;100.0;99.42
2017-08-27;ZA10PK3;ZA;100.0;99.42
2017-08-27;AV06WK1;AV;99.84;99.43
2017-08-27;AV09PJ2;AV;100.0;99.43
2017-08-27;BU21WM1;BU;100.0;99.43
2017-08-27;LE14PK1;LE;99.98;99.43
2017-08-27;PX04PK3;PX;100.0;99.43
2017-08-27;SA03PL3;SA;100.0;99.43
2017-08-27;SG23WK1;SG;100.0;99.43
2017-08-27;SG38WM2;SG;100.0;99.43
2017-08-27;SO11PJ3;SO;100.0;99.43
2017-08-27;SX04WJ2;SX;100.0;99.43
2017-08-27;SX13IJ1;SX;100.0;99.43
2017-08-27;SX50WJ1;SX;100.0;99.43
2017-08-27;VA12WJ3;VA;92.13;99.43
2017-08-27;VA38GK2;VA;100.0;99.43
2017-08-27;VA50GJ2;VA;100.0;99.43
2017-08-27;ZA28RK2;ZA;100.0;99.43
2017-08-27;AV15RJ3;AV;99.96;99.44
2017-08-27;BU42GK1;BU;100.0;99.44
2017-08-27;BU55GK1;BU;100.0;99.44
2017-08-27;LE17PK3;LE;100.0;99.44
2017-08-27;PX02IJ1;PX;100.0;99.44
2017-08-27;PX04PK2;PX;100.0;99.44
2017-08-27;PX12IJ2;PX;100.0;99.44
2017-08-27;PX23IJ2;PX;100.0;99.44
2017-08-27;SA48PK3;SA;100.0;99.44
2017-08-27;SG09WJ2;SG;99.1;99.44
2017-08-27;SG13WK1;SG;95.86;99.44
2017-08-27;SO15PK3;SO;100.0;99.44
2017-08-27;SX51WJ3;SX;100.0;99.44
2017-08-27;VA14WK3;VA;100.0;99.44
2017-08-27;VA38WK3;VA;96.83;99.44
2017-08-27;VA41WK1;VA;80.66;99.44
2017-08-27;VA60GJ1;VA;100.0;99.44
2017-08-27;VA72WK3;VA;100.0;99.44
2017-08-27;VA85GK2;VA;100.0;99.44
2017-08-27;ZA06PK1;ZA;99.84;99.44
2017-08-27;AV10WM3;AV;100.0;99.45
2017-08-27;AV31WK2;AV;38.26;99.45
2017-08-27;BU06KK1;BU;100.0;99.45
2017-08-27;BU16WM1;BU;99.19;99.45
2017-08-27;BU44GJ2;BU;100.0;99.45
2017-08-27;LE35PK3;LE;100.0;99.45
2017-08-27;PX01RJ2;PX;100.0;99.45
2017-08-27;SA14PK2;SA;100.0;99.45
2017-08-27;SG29WM3;SG;58.24;99.45
2017-08-27;SO01PK1;SO;100.0;99.45
2017-08-27;VA02WJ1;VA;100.0;99.45
2017-08-27;VA35WK2;VA;74.11;99.45
2017-08-27;VA38GK1;VA;100.0;99.45
2017-08-27;VA62WJ3;VA;100.0;99.45
2017-08-27;AV16PK3;AV;100.0;99.46
2017-08-27;LE05PJ2;LE;100.0;99.46
2017-08-27;LE11IJ2;LE;99.96;99.46
2017-08-27;PX06IJ3;PX;100.0;99.46
2017-08-27;PX11PK1;PX;100.0;99.46
2017-08-27;PX20RK1;PX;100.0;99.46
2017-08-27;SA13PK3;SA;100.0;99.46
2017-08-27;SO06PK1;SO;100.0;99.46
2017-08-27;SX18WJ3;SX;100.0;99.46
2017-08-27;VA36WJ1;VA;85.79;99.46
2017-08-27;VA42WK2;VA;84.6;99.46
2017-08-27;VA52GJ3;VA;99.99;99.46
2017-08-27;AV09PJ3;AV;100.0;99.47
2017-08-27;BU01WM1;BU;100.0;99.47
2017-08-27;BU08KK3;BU;99.91;99.47
2017-08-27;BU49GJ3;BU;100.0;99.47
2017-08-27;LE39PK2;LE;100.0;99.47
2017-08-27;PX10RK3;PX;100.0;99.47
2017-08-27;PX11IJ3;PX;100.0;99.47
2017-08-27;SO11PK3;SO;100.0;99.47
2017-08-27;SO20WJ1;SO;100.0;99.47
2017-08-27;VA12WK2;VA;95.32;99.47
2017-08-27;VA38GJ3;VA;100.0;99.47
2017-08-27;VA41WJ2;VA;98.6;99.47
2017-08-27;ZA21WJ1;ZA;99.61;99.47
2017-08-27;AV25PK3;AV;99.76;99.48
2017-08-27;AV33PK3;AV;100.0;99.48
2017-08-27;BU02WJ3;BU;100.0;99.48
2017-08-27;BU12GK1;BU;100.0;99.48
2017-08-27;BU32WJ1;BU;100.0;99.48
2017-08-27;LE07WJ3;LE;100.0;99.48
2017-08-27;PX05PK2;PX;100.0;99.48
2017-08-27;SA10PJ2;SA;100.0;99.48
2017-08-27;SG01WK1;SG;99.97;99.48
2017-08-27;SO05PK3;SO;99.95;99.48
2017-08-27;VA25GK2;VA;100.0;99.48
2017-08-27;AV02PK1;AV;99.62;99.49
2017-08-27;AV04PK1;AV;100.0;99.49
2017-08-27;LE03PL1;LE;100.0;99.49
2017-08-27;LE19PK2;LE;100.0;99.49
2017-08-27;PX64RK3;PX;100.0;99.49
2017-08-27;SG08WJ2;SG;99.97;99.49
2017-08-27;SG09WK1;SG;99.78;99.49
2017-08-27;SO10WJ2;SO;100.0;99.49
2017-08-27;VA02WJ2;VA;100.0;99.49
2017-08-27;VA52GJ2;VA;100.0;99.49
2017-08-27;AV31PK1;AV;100.0;99.5
2017-08-27;BU05GK1;BU;100.0;99.5
2017-08-27;LE02PK2;LE;100.0;99.5
2017-08-27;LE87WJ1;LE;100.0;99.5
2017-08-27;PX08IJ2;PX;100.0;99.5
2017-08-27;SA16PK2;SA;100.0;99.5
2017-08-27;SX10IJ1;SX;100.0;99.5
2017-08-27;VA03GK3;VA;100.0;99.5
2017-08-27;VA05GJ3;VA;100.0;99.5
2017-08-27;ZA10RK2;ZA;100.0;99.5
2017-08-27;BU03KJ3;BU;100.0;99.51
2017-08-27;LE02PK1;LE;99.94;99.51
2017-08-27;LE05KK2;LE;100.0;99.51
2017-08-27;LE20PK1;LE;100.0;99.51
2017-08-27;PX08PK2;PX;99.99;99.51
2017-08-27;PX09PK2;PX;100.0;99.51
2017-08-27;SX79WJ2;SX;99.99;99.51
2017-08-27;VA01KJ1;VA;99.99;99.51
2017-08-27;VA04WJ1;VA;99.29;99.51
2017-08-27;VA19GJ1;VA;100.0;99.51
2017-08-27;ZA53WJ2;ZA;100.0;99.51
2017-08-27;BU01KK3;BU;99.93;99.52
2017-08-27;BU06WJ2;BU;100.0;99.52
2017-08-27;BU44WJ1;BU;100.0;99.52
2017-08-27;LE38PK1;LE;100.0;99.52
2017-08-27;SA48WJ3;SA;100.0;99.52
2017-08-27;SG15PK2;SG;99.84;99.52
2017-08-27;VA12GK3;VA;100.0;99.52
2017-08-27;VA30WJ3;VA;99.68;99.52
2017-08-27;VA58GJ1;VA;100.0;99.52
2017-08-27;VA84GK1;VA;100.0;99.52
2017-08-27;AV04PJ1;AV;100.0;99.53
2017-08-27;AV16PK2;AV;100.0;99.53
2017-08-27;BU14GK2;BU;99.98;99.53
2017-08-27;BU45GK2;BU;100.0;99.53
2017-08-27;PX11IJ2;PX;100.0;99.53
2017-08-27;SX09IJ1;SX;100.0;99.53
2017-08-27;SX85WJ2;SX;99.98;99.53
2017-08-27;VA03GK1;VA;100.0;99.53
2017-08-27;AV11PJ3;AV;100.0;99.54
2017-08-27;BU54GK3;BU;100.0;99.54
2017-08-27;LE07KL2;LE;100.0;99.54
2017-08-27;LE39PJ1;LE;100.0;99.54
2017-08-27;LE41RK3;LE;99.98;99.54
2017-08-27;LE59WJ2;LE;100.0;99.54
2017-08-27;PX55PK3;PX;100.0;99.54
2017-08-27;SA05WJ2;SA;99.93;99.54
2017-08-27;SG13PK1;SG;98.27;99.54
2017-08-27;SX03IJ2;SX;100.0;99.54
2017-08-27;VA05WJ1;VA;100.0;99.54
2017-08-27;VA14WK2;VA;100.0;99.54
2017-08-27;VA54WM1;VA;100.0;99.54
2017-08-27;VA55GJ2;VA;100.0;99.54
2017-08-27;AV33PK1;AV;100.0;99.55
2017-08-27;BU03KK1;BU;100.0;99.55
2017-08-27;BU11KK2;BU;99.99;99.55
2017-08-27;BU20GK1;BU;100.0;99.55
2017-08-27;LE07KL3;LE;100.0;99.55
2017-08-27;LE41RK1;LE;100.0;99.55
2017-08-27;LE41RK2;LE;100.0;99.55
2017-08-27;SG02WK3;SG;99.7;99.55
2017-08-27;SO14PJ1;SO;100.0;99.55
2017-08-27;VA12WK1;VA;92.11;99.55
2017-08-27;VA22GJ3;VA;100.0;99.55
2017-08-27;VA38WJ2;VA;100.0;99.55
2017-08-27;ZA06PK2;ZA;100.0;99.55
2017-08-27;ZA50WJ2;ZA;100.0;99.55
2017-08-27;AV07PK1;AV;100.0;99.56
2017-08-27;BU06WK3;BU;100.0;99.56
2017-08-27;BU23WM3;BU;100.0;99.56
2017-08-27;LE01KK1;LE;100.0;99.56
2017-08-27;LE06WJ1;LE;100.0;99.56
2017-08-27;LE13KK2;LE;100.0;99.56
2017-08-27;LE21PK3;LE;100.0;99.56
2017-08-27;SG01PK2;SG;99.3;99.56
2017-08-27;SG06WK1;SG;99.87;99.56
2017-08-27;SX45WJ1;SX;100.0;99.56
2017-08-27;SX46WJ1;SX;100.0;99.56
2017-08-27;VA39WJ1;VA;96.63;99.56
2017-08-27;VA62GJ2;VA;100.0;99.56
2017-08-27;AV08PK1;AV;100.0;99.57
2017-08-27;BU03KK2;BU;100.0;99.57
2017-08-27;BU71GJ3;BU;100.0;99.57
2017-08-27;PX97IJ1;PX;99.99;99.57
2017-08-27;SA19PJ2;SA;100.0;99.57
2017-08-27;SA48WJ1;SA;100.0;99.57
2017-08-27;SO14PK3;SO;100.0;99.57
2017-08-27;VA74GK1;VA;99.98;99.57
2017-08-27;BU01GL1;BU;100.0;99.58
2017-08-27;BU08WJ2;BU;100.0;99.58
2017-08-27;BU21KK2;BU;100.0;99.58
2017-08-27;LE03KK1;LE;100.0;99.58
2017-08-27;PX03PK3;PX;100.0;99.58
2017-08-27;SG13PK2;SG;99.93;99.58
2017-08-27;VA01WK1;VA;100.0;99.58
2017-08-27;ZA21WJ3;ZA;100.0;99.58
2017-08-27;LE17PK2;LE;99.99;99.59
2017-08-27;LE30PL2;LE;100.0;99.59
2017-08-27;PX16IJ1;PX;100.0;99.59
2017-08-27;SA51WK1;SA;100.0;99.59
2017-08-27;SG12PK3;SG;100.0;99.59
2017-08-27;VA31GJ2;VA;98.73;99.59
2017-08-27;VA36GK2;VA;100.0;99.59
2017-08-27;VA43GK1;VA;100.0;99.59
2017-08-27;VA54WJ1;VA;100.0;99.59
2017-08-27;ZA02PK2;ZA;100.0;99.59
2017-08-27;BU01GL2;BU;100.0;99.6
2017-08-27;BU06WK2;BU;100.0;99.6
2017-08-27;BU29GK3;BU;100.0;99.6
2017-08-27;BU32WM1;BU;100.0;99.6
2017-08-27;BU54GK2;BU;100.0;99.6
2017-08-27;LE07WJ1;LE;100.0;99.6
2017-08-27;LE11IJ1;LE;100.0;99.6
2017-08-27;SG08WJ3;SG;99.91;99.6
2017-08-27;SG08WK2;SG;99.97;99.6
2017-08-27;SO15PJ3;SO;100.0;99.6
2017-08-27;SX30WJ2;SX;100.0;99.6
2017-08-27;SX34WJ3;SX;99.98;99.6
2017-08-27;AV33PJ3;AV;100.0;99.61
2017-08-27;BU05GK2;BU;100.0;99.61
2017-08-27;BU82GK1;BU;100.0;99.61
2017-08-27;LE07IJ3;LE;99.96;99.61
2017-08-27;LE13KK1;LE;100.0;99.61
2017-08-27;LE17PK1;LE;100.0;99.61
2017-08-27;PX32IJ1;PX;100.0;99.61
2017-08-27;VA22GK2;VA;100.0;99.61
2017-08-27;VA74GK3;VA;100.0;99.61
2017-08-27;AV06WK2;AV;99.87;99.62
2017-08-27;BU26GK1;BU;100.0;99.62
2017-08-27;LE44PK1;LE;100.0;99.62
2017-08-27;PX04PK1;PX;100.0;99.62
2017-08-27;SO14PK2;SO;100.0;99.62
2017-08-27;SX93WJ3;SX;100.0;99.62
2017-08-27;VA05GK1;VA;100.0;99.62
2017-08-27;VA10WJ2;VA;85.27;99.62
2017-08-27;VA17WM2;VA;100.0;99.62
2017-08-27;ZA02PK3;ZA;100.0;99.62
2017-08-27;AV30WJ2;AV;100.0;99.63
2017-08-27;BU02GL1;BU;100.0;99.63
2017-08-27;BU33WM1;BU;100.0;99.63
2017-08-27;LE06PK3;LE;100.0;99.63
2017-08-27;LE10PJ2;LE;100.0;99.63
2017-08-27;LE20PJ3;LE;100.0;99.63
2017-08-27;LE20PK3;LE;100.0;99.63
2017-08-27;LE23RK1;LE;100.0;99.63
2017-08-27;LE41WJ2;LE;100.0;99.63
2017-08-27;SO02WJ2;SO;100.0;99.63
2017-08-27;VA55GK1;VA;100.0;99.63
2017-08-27;VA58GJ3;VA;100.0;99.63
2017-08-27;ZA07PK2;ZA;100.0;99.63
2017-08-27;BU03GL3;BU;100.0;99.64
2017-08-27;LE09IJ1;LE;99.87;99.64
2017-08-27;LE52WJ1;LE;100.0;99.64
2017-08-27;SG02WK1;SG;100.0;99.64
2017-08-27;SX56WJ1;SX;99.99;99.64
2017-08-27;SX64WJ3;SX;100.0;99.64
2017-08-27;VA73WK2;VA;60.91;99.64
2017-08-27;AV05WK1;AV;99.88;99.65
2017-08-27;AV17PK3;AV;100.0;99.65
2017-08-27;AV22WK3;AV;100.0;99.65
2017-08-27;BU02GL2;BU;100.0;99.65
2017-08-27;BU04RK1;BU;100.0;99.65
2017-08-27;BU16GK1;BU;100.0;99.65
2017-08-27;LE07IJ2;LE;100.0;99.65
2017-08-27;LE08KK3;LE;99.97;99.65
2017-08-27;LE14PK3;LE;100.0;99.65
2017-08-27;LE18PK2;LE;100.0;99.65
2017-08-27;SG06WJ2;SG;100.0;99.65
2017-08-27;VA10WK3;VA;97.84;99.65
2017-08-27;VA26GK1;VA;100.0;99.65
2017-08-27;VA38GJ1;VA;100.0;99.65
2017-08-27;LE10PJ1;LE;100.0;99.66
2017-08-27;VA12WK3;VA;95.94;99.66
2017-08-27;VA58GK3;VA;100.0;99.66
2017-08-27;ZA40WJ2;ZA;100.0;99.66
2017-08-27;BU52WM1;BU;98.1;99.67
2017-08-27;LE01PL1;LE;100.0;99.67
2017-08-27;LE02PK3;LE;100.0;99.67
2017-08-27;LE18PK3;LE;100.0;99.67
2017-08-27;LE68WJ2;LE;98.77;99.67
2017-08-27;SO01WJ3;SO;100.0;99.67
2017-08-27;SO14PJ3;SO;100.0;99.67
2017-08-27;SO14PK1;SO;100.0;99.67
2017-08-27;VA02WJ3;VA;99.97;99.67
2017-08-27;VA20GK2;VA;100.0;99.67
2017-08-27;ZA01PL1;ZA;100.0;99.67
2017-08-27;AV22WK1;AV;100.0;99.68
2017-08-27;AV30WK2;AV;74.29;99.68
2017-08-27;BU03RK1;BU;100.0;99.68
2017-08-27;LE03RK1;LE;100.0;99.68
2017-08-27;LE13KK3;LE;100.0;99.68
2017-08-27;LE15PK2;LE;99.91;99.68
2017-08-27;LE29IJ1;LE;99.96;99.68
2017-08-27;PX11PJ3;PX;100.0;99.68
2017-08-27;SG08WJ1;SG;99.83;99.68
2017-08-27;SO02PK2;SO;100.0;99.68
2017-08-27;SO03PK2;SO;100.0;99.68
2017-08-27;VA90GK1;VA;100.0;99.68
2017-08-27;BU05RK2;BU;100.0;99.69
2017-08-27;BU12WJ1;BU;100.0;99.69
2017-08-27;BU15GK3;BU;100.0;99.69
2017-08-27;BU43GJ1;BU;100.0;99.69
2017-08-27;LE28WJ3;LE;100.0;99.69
2017-08-27;LE47PK2;LE;99.85;99.69
2017-08-27;PX20RK2;PX;100.0;99.69
2017-08-27;SG23WK3;SG;99.88;99.69
2017-08-27;SO02PJ2;SO;100.0;99.69
2017-08-27;SO04WK2;SO;100.0;99.69
2017-08-27;SX30WJ1;SX;99.96;99.69
2017-08-27;VA19GJ2;VA;100.0;99.69
2017-08-27;VA54WM3;VA;100.0;99.69
2017-08-27;VA58GK1;VA;100.0;99.69
2017-08-27;VA73WK1;VA;26.77;99.69
2017-08-27;ZA02PK1;ZA;100.0;99.69
2017-08-27;BU03GL2;BU;100.0;99.7
2017-08-27;BU06KK3;BU;99.99;99.7
2017-08-27;BU15GK2;BU;100.0;99.7
2017-08-27;BU22GK2;BU;100.0;99.7
2017-08-27;BU44WJ3;BU;100.0;99.7
2017-08-27;LE01PL3;LE;100.0;99.7
2017-08-27;LE03KK3;LE;100.0;99.7
2017-08-27;SA05PL1;SA;100.0;99.7
2017-08-27;SG12PK1;SG;99.96;99.7
2017-08-27;SG15PK3;SG;98.92;99.7
2017-08-27;SO01PL3;SO;100.0;99.7
2017-08-27;SO03PJ2;SO;100.0;99.7
2017-08-27;VA54WJ2;VA;99.63;99.7
2017-08-27;AV08WK1;AV;99.97;99.71
2017-08-27;BU03RK2;BU;100.0;99.71
2017-08-27;BU09KK1;BU;100.0;99.71
2017-08-27;BU16WM2;BU;95.39;99.71
2017-08-27;BU21KK1;BU;100.0;99.71
2017-08-27;LE17IJ2;LE;100.0;99.71
2017-08-27;PX11PK3;PX;100.0;99.71
2017-08-27;PX20RK3;PX;100.0;99.71
2017-08-27;SO04WK3;SO;100.0;99.71
2017-08-27;SX50WJ3;SX;100.0;99.71
2017-08-27;SX93WJ1;SX;100.0;99.71
2017-08-27;VA06GL3;VA;100.0;99.71
2017-08-27;VA55GK3;VA;100.0;99.71
2017-08-27;ZA19PJ2;ZA;100.0;99.71
2017-08-27;BU08KK1;BU;99.92;99.72
2017-08-27;BU08WJ3;BU;100.0;99.72
2017-08-27;BU25WM3;BU;100.0;99.72
2017-08-27;BU27GJ3;BU;100.0;99.72
2017-08-27;LE30PL1;LE;100.0;99.72
2017-08-27;SO07WK1;SO;33.85;99.72
2017-08-27;VA80WM2;VA;100.0;99.72
2017-08-27;AV01WK2;AV;76.66;99.73
2017-08-27;LE01PL2;LE;100.0;99.73
2017-08-27;PX01PL1;PX;100.0;99.73
2017-08-27;SG02WK2;SG;99.87;99.73
2017-08-27;SG08WK1;SG;99.89;99.73
2017-08-27;VA73WK3;VA;86.81;99.73
2017-08-27;VA75GK2;VA;100.0;99.73
2017-08-27;ZA06PK3;ZA;100.0;99.73
2017-08-27;ZA15PK1;ZA;100.0;99.73
2017-08-27;AV01WK1;AV;99.74;99.74
2017-08-27;AV09PK1;AV;100.0;99.74
2017-08-27;BU01GL3;BU;100.0;99.74
2017-08-27;BU04RK2;BU;100.0;99.74
2017-08-27;SX59WJ2;SX;100.0;99.74
2017-08-27;VA06GL2;VA;100.0;99.74
2017-08-27;VA39GK3;VA;100.0;99.74
2017-08-27;ZA01PJ1;ZA;100.0;99.74
2017-08-27;BU16GK2;BU;100.0;99.75
2017-08-27;BU19WJ2;BU;100.0;99.75
2017-08-27;LE08KK1;LE;100.0;99.75
2017-08-27;LE29IJ3;LE;99.98;99.75
2017-08-27;PX01PL3;PX;100.0;99.75
2017-08-27;SA03WJ2;SA;99.88;99.75
2017-08-27;AV07PK2;AV;100.0;99.76
2017-08-27;LE30PL3;LE;100.0;99.76
2017-08-27;PX09IJ1;PX;100.0;99.76
2017-08-27;VA83GK1;VA;100.0;99.76
2017-08-27;VA85GK3;VA;100.0;99.76
2017-08-27;AV05WK3;AV;99.91;99.77
2017-08-27;BU09KK2;BU;100.0;99.77
2017-08-27;BU52GK3;BU;100.0;99.77
2017-08-27;BU52WM2;BU;100.0;99.77
2017-08-27;LE32WJ1;LE;100.0;99.77
2017-08-27;LE39PK1;LE;100.0;99.77
2017-08-27;LE59WJ3;LE;99.89;99.77
2017-08-27;PX02PL1;PX;100.0;99.77
2017-08-27;SA01WJ3;SA;100.0;99.77
2017-08-27;SO01PK2;SO;100.0;99.77
2017-08-27;SO02PK1;SO;99.98;99.77
2017-08-27;VA17WM1;VA;100.0;99.77
2017-08-27;VA39GK1;VA;100.0;99.77
2017-08-27;VA80WM1;VA;100.0;99.77
2017-08-27;LE01KK2;LE;100.0;99.78
2017-08-27;ZA03PK3;ZA;100.0;99.78
2017-08-27;ZA10PK2;ZA;100.0;99.78
2017-08-27;AV09PK3;AV;100.0;99.79
2017-08-27;BU03RK3;BU;100.0;99.79
2017-08-27;SA01WJ2;SA;100.0;99.79
2017-08-27;SA03PL1;SA;100.0;99.79
2017-08-27;SA05PL2;SA;100.0;99.79
2017-08-27;SG02PL1;SG;100.0;99.79
2017-08-27;SG09WK2;SG;99.66;99.79
2017-08-27;VA15GK2;VA;100.0;99.79
2017-08-27;VA57GK2;VA;100.0;99.79
2017-08-27;VA73GK1;VA;100.0;99.79
2017-08-27;BU04KK3;BU;100.0;99.8
2017-08-27;BU12WJ2;BU;100.0;99.8
2017-08-27;PX02PL3;PX;100.0;99.8
2017-08-27;SA05PL3;SA;100.0;99.8
2017-08-27;SX22WJ1;SX;99.98;99.8
2017-08-27;AV08WK2;AV;100.0;99.81
2017-08-27;AV30WK3;AV;49.24;99.81
2017-08-27;BU06RK1;BU;100.0;99.81
2017-08-27;SG08WK3;SG;99.83;99.81
2017-08-27;SG15PK1;SG;99.95;99.81
2017-08-27;SO08PK2;SO;99.98;99.81
2017-08-27;AV08PK2;AV;100.0;99.82
2017-08-27;AV33PJ2;AV;100.0;99.82
2017-08-27;BU04KK2;BU;100.0;99.82
2017-08-27;LE03KK2;LE;100.0;99.82
2017-08-27;LE68WJ3;LE;100.0;99.82
2017-08-27;PX12IJ1;PX;100.0;99.82
2017-08-27;SX03IJ1;SX;100.0;99.82
2017-08-27;BU08WJ1;BU;100.0;99.83
2017-08-27;BU41GK3;BU;100.0;99.83
2017-08-27;BU52GK1;BU;100.0;99.83
2017-08-27;SG23WK2;SG;100.0;99.83
2017-08-27;VA75GK1;VA;100.0;99.83
2017-08-27;ZA01PL3;ZA;100.0;99.83
2017-08-27;VA10WK1;VA;99.76;99.84
2017-08-27;LE06PK1;LE;100.0;99.85
2017-08-27;VA52GJ1;VA;100.0;99.85
2017-08-27;BU04RK3;BU;100.0;99.86
2017-08-27;BU45GK1;BU;100.0;99.86
2017-08-27;LE32PK1;LE;100.0;99.86
2017-08-27;LE69WJ3;LE;100.0;99.86
2017-08-27;LE98WJ2;LE;100.0;99.86
2017-08-27;VA47WJ1;VA;99.71;99.86
2017-08-27;BU05GK3;BU;100.0;99.87
2017-08-27;SO06PK3;SO;100.0;99.87
2017-08-27;SO27SJ1;SO;62.45;99.87
2017-08-27;VA34WK1;VA;90.0;99.87
2017-08-27;LE24RK2;LE;100.0;99.88
2017-08-27;SX03IJ3;SX;100.0;99.88
2017-08-27;SX08IJ1;SX;100.0;99.88
2017-08-27;VA16GL1;VA;99.97;99.88
2017-08-27;AV10WM1;AV;100.0;99.89
2017-08-27;BU11KK3;BU;100.0;99.89
2017-08-27;LE03PL3;LE;100.0;99.9
2017-08-27;PX12IJ3;PX;100.0;99.9
2017-08-27;ZA13PK1;ZA;100.0;99.9
2017-08-27;AV17PK2;AV;100.0;99.91
2017-08-27;SO01PL1;SO;100.0;99.91
2017-08-27;VA01GL1;VA;100.0;99.91
2017-08-27;VA10WK2;VA;99.57;99.91
2017-08-27;BU03GL1;BU;100.0;99.92
2017-08-27;VA01GL3;VA;100.0;99.92
2017-08-27;VA16GL3;VA;100.0;99.92
2017-08-27;VA18GK1;VA;100.0;99.92
2017-08-27;ZA01PL2;ZA;100.0;99.92
2017-08-27;AV30WK1;AV;45.83;99.93
2017-08-27;BU07KL2;BU;100.0;99.93
2017-08-27;PX02RK3;PX;100.0;99.93
2017-08-27;SG13PK3;SG;99.78;99.93
2017-08-27;VA01GL2;VA;100.0;99.93
2017-08-27;BU07KL3;BU;100.0;99.94
2017-08-27;LE07KL1;LE;100.0;99.94
2017-08-27;BU11KK1;BU;100.0;99.96
2017-08-27;AV09PJ1;AV;100.0;100.0
2017-08-27;AV10WM2;AV;100.0;100.0
2017-08-27;AV17RK1;AV;100.0;100.0
2017-08-27;AV20WM2;AV;100.0;100.0
2017-08-27;AV20WM3;AV;100.0;100.0
2017-08-27;AV21WJ1;AV;100.0;100.0
2017-08-27;AV21WK1;AV;100.0;100.0
2017-08-27;AV25WM1;AV;100.0;100.0
2017-08-27;AV27WM1;AV;100.0;100.0
2017-08-27;AV27WM2;AV;100.0;100.0
2017-08-27;AV28WM2;AV;100.0;100.0
2017-08-27;AV28WM3;AV;100.0;100.0
2017-08-27;AV29WM1;AV;100.0;100.0
2017-08-27;AV33WM2;AV;100.0;100.0
2017-08-27;BU01WM2;BU;100.0;100.0
2017-08-27;BU07KL1;BU;100.0;100.0
2017-08-27;BU16WM3;BU;97.32;100.0
2017-08-27;BU18WM1;BU;100.0;100.0
2017-08-27;BU18WM3;BU;100.0;100.0
2017-08-27;BU19WM1;BU;100.0;100.0
2017-08-27;BU20WM1;BU;100.0;100.0
2017-08-27;BU20WM2;BU;100.0;100.0
2017-08-27;BU20WM3;BU;100.0;100.0
2017-08-27;BU25WM2;BU;100.0;100.0
2017-08-27;BU26WM1;BU;100.0;100.0
2017-08-27;BU26WM2;BU;100.0;100.0
2017-08-27;BU26WM3;BU;100.0;100.0
2017-08-27;BU27WK1;BU;100.0;100.0
2017-08-27;BU29GJ3;BU;100.0;100.0
2017-08-27;BU31WM1;BU;100.0;100.0
2017-08-27;BU31WM2;BU;100.0;100.0
2017-08-27;BU32WM2;BU;100.0;100.0
2017-08-27;BU32WM3;BU;100.0;100.0
2017-08-27;BU33WM2;BU;100.0;100.0
2017-08-27;BU33WM3;BU;100.0;100.0
2017-08-27;BU41WM1;BU;100.0;100.0
2017-08-27;BU43GJ3;BU;100.0;100.0
2017-08-27;BU48WJ1;BU;100.0;100.0
2017-08-27;BU48WM1;BU;100.0;100.0
2017-08-27;BU48WM2;BU;100.0;100.0
2017-08-27;BU49WM1;BU;100.0;100.0
2017-08-27;BU49WM2;BU;100.0;100.0
2017-08-27;BU50WM1;BU;100.0;100.0
2017-08-27;BU50WM2;BU;100.0;100.0
2017-08-27;BU50WM3;BU;64.29;100.0
2017-08-27;BU56WM3;BU;100.0;100.0
2017-08-27;BU71GJ6;BU;100.0;100.0
2017-08-27;LE04RK1;LE;100.0;100.0
2017-08-27;LE05RK3;LE;100.0;100.0
2017-08-27;LE09IJ2;LE;100.0;100.0
2017-08-27;LE16IJ3;LE;100.0;100.0
2017-08-27;LE21RK3;LE;100.0;100.0
2017-08-27;LE22PK3;LE;100.0;100.0
2017-08-27;LE31WJ1;LE;100.0;100.0
2017-08-27;LE37WJ2;LE;100.0;100.0
2017-08-27;LE38PJ3;LE;100.0;100.0
2017-08-27;LE38PK3;LE;100.0;100.0
2017-08-27;LE53WJ1;LE;100.0;100.0
2017-08-27;LE57IJ2;LE;99.5;100.0
2017-08-27;LE60PK1;LE;100.0;100.0
2017-08-27;LE62WJ1;LE;100.0;100.0
2017-08-27;LE65WJ2;LE;100.0;100.0
2017-08-27;LE65WJ3;LE;100.0;100.0
2017-08-27;LE69WJ1;LE;100.0;100.0
2017-08-27;LE88WJ2;LE;100.0;100.0
2017-08-27;PX23IJ3;PX;100.0;100.0
2017-08-27;SA03PM1;SA;100.0;100.0
2017-08-27;SA03PM2;SA;100.0;100.0
2017-08-27;SA21WJ2;SA;100.0;100.0
2017-08-27;SA22WJ1;SA;100.0;100.0
2017-08-27;SA23WJ3;SA;100.0;100.0
2017-08-27;SA26WJ3;SA;100.0;100.0
2017-08-27;SA29WJ2;SA;100.0;100.0
2017-08-27;SA38WJ2;SA;100.0;100.0
2017-08-27;SA68WJ3;SA;100.0;100.0
2017-08-27;SG02PL3;SG;100.0;100.0
2017-08-27;SG16WM3;SG;100.0;100.0
2017-08-27;SG22WM1;SG;100.0;100.0
2017-08-27;SG25WM1;SG;100.0;100.0
2017-08-27;SG25WM2;SG;100.0;100.0
2017-08-27;SG27WM1;SG;100.0;100.0
2017-08-27;SG38WM1;SG;100.0;100.0
2017-08-27;SG40WM1;SG;100.0;100.0
2017-08-27;SG40WM3;SG;100.0;100.0
2017-08-27;SG41WK3;SG;87.5;100.0
2017-08-27;SO01WM1;SO;100.0;100.0
2017-08-27;SO01WM2;SO;100.0;100.0
2017-08-27;SO01WM3;SO;100.0;100.0
2017-08-27;SO07WK2;SO;60.69;100.0
2017-08-27;SO10WM1;SO;100.0;100.0
2017-08-27;SO10WM2;SO;100.0;100.0
2017-08-27;SO10WM3;SO;100.0;100.0
2017-08-27;SO14PJ2;SO;100.0;100.0
2017-08-27;SO15PK2;SO;100.0;100.0
2017-08-27;SO15WM1;SO;100.0;100.0
2017-08-27;SO15WM2;SO;100.0;100.0
2017-08-27;SO17WJ3;SO;99.1;100.0
2017-08-27;SO17WM1;SO;100.0;100.0
2017-08-27;SO17WM3;SO;100.0;100.0
2017-08-27;SO28WM1;SO;100.0;100.0
2017-08-27;SO28WM2;SO;100.0;100.0
2017-08-27;SO28WM3;SO;100.0;100.0
2017-08-27;SO30WK3;SO;100.0;100.0
2017-08-27;VA11WM1;VA;100.0;100.0
2017-08-27;VA11WM2;VA;100.0;100.0
2017-08-27;VA11WM3;VA;100.0;100.0
2017-08-27;VA16GL2;VA;100.0;100.0
2017-08-27;VA22WM3;VA;100.0;100.0
2017-08-27;VA25WK1;VA;100.0;100.0
2017-08-27;VA27WM1;VA;100.0;100.0
2017-08-27;VA40WM1;VA;100.0;100.0
2017-08-27;VA40WM3;VA;97.44;100.0
2017-08-27;VA42WK1;VA;99.66;100.0
2017-08-27;VA45WM1;VA;100.0;100.0
2017-08-27;VA45WM3;VA;100.0;100.0
2017-08-27;VA49WM2;VA;100.0;100.0
2017-08-27;VA51WM2;VA;100.0;100.0
2017-08-27;VA65WM3;VA;96.04;100.0
2017-08-27;VA66WM1;VA;100.0;100.0
2017-08-27;VA66WM2;VA;100.0;100.0
2017-08-27;VA72WJ1;VA;100.0;100.0
2017-08-27;VA72WK1;VA;100.0;100.0
2017-08-27;VA74WJ2;VA;67.21;100.0
2017-08-27;VA80WM3;VA;100.0;100.0
2017-08-27;ZA16PJ3;ZA;100.0;100.0
2017-08-27;ZA70WJ3;ZA;100.0;100.0
2017-08-27;ZA71WJ3;ZA;100.0;100.0
